vehicle,ride,pos,speed_probs_zero,direction_probs_zero,longitude_abs_probs_zero,longitude_probs_zero,longitude_dir_probs_zero,latitude_abs_probs_zero,latitude_probs_zero,latitude_dir_probs_zero,distance_probs_zero,speed_alternative_probs_zero,x_speed_alternative_probs_zero,x_speed_no_abs_alternative_probs_zero,y_speed_alternative_probs_zero,y_speed_no_abs_alternative_probs_zero,direction_alternative_probs_zero,direction_abs_alternative_probs_zero
Vehicle_11,8427653,0,0.01229761743092964,0.0028317213143613036,0.00961398030871503,0.004814544355752524,0.5329035832095284,0.031621887039508474,0.031621887039508474,0.49250875028328256,0.002513030997406391,0.005685795583310251,0.025502983909551028,0.013053660010575882,0.03163699544229849,0.02148918490166948,0.029199506458842193,0.029199506458842193
Vehicle_11,8427653,1,0.14814814814814814,0.0017793594306049821,0.1949553336836574,0.18029350104821804,0.9624146216865647,0.0012824623276691247,0.0006412311638345624,0.04832020970499995,0.002012072434607646,0.0009017132551848512,0.0593607305936073,0.0003875968992248062,0.001602307322544464,0.0004713646005185011,0.00017355085039916696,0.0003471017007983339
Vehicle_11,8427653,2,1e-20,1e-20,0.0972972972972973,0.08139534883720931,0.03258751992443474,0.125,1e-20,0.8008934269304403,1e-20,1e-20,0.09364548494983277,1e-20,1e-20,1e-20,1e-20,0.5
Vehicle_11,8427653,3,1e-20,1e-20,0.15113350125944586,0.09326424870466321,0.8513274336283185,1e-20,1e-20,0.9613603654339529,1e-20,1e-20,0.06077348066298342,1e-20,1e-20,1e-20,1e-20,1e-20
Vehicle_11,8427653,4,0.0064516129032258064,1e-20,0.18295739348370926,0.20707070707070707,0.9618592351505288,1e-20,0.0027245486364666483,0.9613603654339529,1e-20,1e-20,0.02512562814070352,0.004597990582428928,1e-20,1e-20,0.02631578947368421,0.02
Vehicle_11,8427653,5,0.13333333333333333,1e-20,0.20054945054945056,0.18208955223880596,0.9618592351505288,1e-20,0.002392163775086244,0.9613603654339529,1e-20,1e-20,0.09090909090909091,1e-20,1e-20,1e-20,1e-20,0.018867924528301886
Vehicle_11,8427653,6,0.14285714285714285,0.08,0.310828025477707,0.21025641025641026,0.03814076484947111,0.2,0.3333333333333333,0.9613603654339529,1e-20,1e-20,0.33031674208144796,0.001037443658247929,0.0015460932188452144,0.0009216125701911212,0.18181818181818182,0.2840909090909091
Vehicle_11,8427653,7,0.2857142857142857,0.2,0.1260815822002472,0.13043478260869565,0.8374371859296482,1e-20,1e-20,0.9613603654339529,1e-20,1e-20,0.2857142857142857,0.0007503840052375797,0.0011532747463047365,0.0007302394681842218,0.16,0.4065934065934066
Vehicle_11,8427653,8,0.125,0.175,1e-20,1e-20,0.9674124800755652,1e-20,1e-20,0.9613603654339529,1e-20,1e-20,0.0196078431372549,1e-20,1e-20,1e-20,0.057971014492753624,0.0860655737704918
Vehicle_11,8427653,9,0.09722222222222222,0.014492753623188406,0.045454545454545456,0.045454545454545456,0.9674124800755652,1e-20,1e-20,0.9613603654339529,0.19047619047619047,1e-20,0.04580152671755725,1e-20,1e-20,1e-20,0.03333333333333333,0.03409090909090909
Vehicle_11,8427653,10,0.11398963730569948,0.08695652173913043,0.07407407407407407,0.058823529411764705,0.9674124800755652,1e-20,1e-20,0.9613603654339529,0.04,1e-20,1e-20,1e-20,0.0001007226852667892,1e-20,0.021739130434782608,0.033707865168539325
Vehicle_11,8427653,11,0.08695652173913043,1e-20,0.125,0.08,0.9674124800755652,1e-20,1e-20,0.9613603654339529,1e-20,1e-20,1e-20,0.0008762873618210662,1e-20,1e-20,0.06976744186046512,0.08045977011494253
Vehicle_11,8427653,12,0.06741573033707865,0.2222222222222222,0.06873614190687362,0.06333333333333334,0.9674124800755652,1e-20,1e-20,0.9613603654339529,1e-20,1e-20,0.01818181818181818,0.0012539974315715257,0.0023669831037695464,0.0010324075239845894,0.1111111111111111,0.09375
Vehicle_11,8427653,13,0.10810810810810811,0.1794871794871795,0.01529051987767584,0.01744186046511628,0.9674124800755652,1e-20,1e-20,0.9613603654339529,1e-20,1e-20,0.00625,1e-20,1.0,0.002920957872736887,0.13095238095238096,0.12413793103448276
Vehicle_11,8427653,14,0.04,0.13636363636363635,0.08139534883720931,0.07142857142857142,0.9674124800755652,1e-20,0.003500113313020925,0.9613603654339529,1e-20,1e-20,1e-20,1e-20,1e-20,0.002125248659129252,0.12307692307692308,0.1347517730496454
Vehicle_11,8427653,15,0.2222222222222222,0.22727272727272727,0.02476780185758514,0.0189873417721519,0.9674124800755652,1e-20,1e-20,0.9613603654339529,1e-20,1e-20,1e-20,1e-20,1e-20,0.005378591393246544,0.03076923076923077,0.015037593984962405
Vehicle_11,8427653,16,0.3787878787878788,0.06976744186046512,0.08620689655172414,0.14814814814814814,0.9674124800755652,0.0625,1e-20,0.9613603654339529,0.5,1e-20,0.047619047619047616,0.010696749175333014,1e-20,1e-20,1e-20,0.023255813953488372
Vehicle_11,8427653,17,0.30708661417322836,0.22580645161290322,0.24864864864864866,0.23837209302325582,0.9674124800755652,0.25,0.3125,0.9613603654339529,0.06666666666666667,1e-20,0.17088607594936708,0.018518518518518517,0.015625,1e-20,0.0625,0.06896551724137931
Vehicle_11,8427653,18,0.29508196721311475,1e-20,0.11587982832618025,0.10429447852760736,0.9674124800755652,1e-20,1e-20,0.9613603654339529,1e-20,1e-20,0.11635220125786164,0.01639344262295082,0.0410958904109589,1e-20,0.2,0.18181818181818182
Vehicle_11,8427653,19,0.0017969451931716084,0.1,0.029023746701846966,0.03614457831325301,0.9674124800755652,1e-20,1e-20,0.9613603654339529,1e-20,1e-20,0.004597701149425287,1e-20,1e-20,1e-20,0.030303030303030304,0.02586206896551724
Vehicle_11,8427653,20,1e-20,1e-20,0.07865168539325842,0.06976744186046512,0.9674124800755652,1e-20,1e-20,0.9613603654339529,0.004930375443809332,1e-20,1e-20,1e-20,0.004391509077632009,0.0016568881726386825,0.16279069767441862,0.12
Vehicle_11,8427653,21,1e-20,1e-20,0.04,0.04081632653061224,0.9674124800755652,0.0026741872938332535,0.0014806234734218015,0.9613603654339529,1e-20,1e-20,0.03804347826086957,1e-20,1e-20,1e-20,0.17142857142857143,0.12903225806451613
Vehicle_11,8427653,22,0.11764705882352941,0.022727272727272728,0.0625,1e-20,0.9674124800755652,0.125,1e-20,0.9613603654339529,1e-20,1e-20,0.027522935779816515,1e-20,1e-20,0.0007453478709742401,0.14492753623188406,0.15789473684210525
Vehicle_11,8427653,23,0.2033898305084746,0.1111111111111111,0.13793103448275862,0.10638297872340426,0.9674124800755652,1e-20,1e-20,0.9613603654339529,0.09090909090909091,1e-20,0.07777777777777778,1e-20,1e-20,1e-20,0.15584415584415584,0.10948905109489052
Vehicle_11,8427653,24,0.08421052631578947,0.15,0.018779342723004695,0.014285714285714285,0.9674124800755652,1e-20,1e-20,0.9613603654339529,1e-20,1e-20,0.007142857142857143,1e-20,1e-20,5.539747689673406e-05,0.1038961038961039,0.11678832116788321
Vehicle_11,8427653,25,0.1005586592178771,0.08108108108108109,0.05555555555555555,0.09090909090909091,0.9674124800755652,0.125,0.3333333333333333,0.9613603654339529,0.1111111111111111,1e-20,0.16666666666666666,1e-20,0.0011029134036713419,1e-20,0.20754716981132076,0.1743119266055046
Vehicle_11,8427653,26,0.11904761904761904,0.14285714285714285,0.031141868512110725,0.02040816326530612,0.9674124800755652,0.2,0.2857142857142857,0.9613603654339529,0.08333333333333333,1e-20,0.030303030303030304,0.0009115403016644424,0.0013597562511016544,0.0005439025004406618,0.15584415584415584,0.16279069767441862
Vehicle_11,8427653,27,0.14423076923076922,0.023076923076923078,0.04827586206896552,0.058823529411764705,0.9674124800755652,0.08333333333333333,0.125,0.9613603654339529,0.058823529411764705,1e-20,0.022222222222222223,1e-20,1e-20,1e-20,0.14084507042253522,0.1297709923664122
Vehicle_11,8427653,28,0.05185185185185185,0.08695652173913043,0.1276595744680851,0.17647058823529413,0.9674124800755652,0.14285714285714285,0.16666666666666666,0.9613603654339529,0.058823529411764705,1e-20,1e-20,1e-20,1e-20,1e-20,0.06756756756756757,0.07317073170731707
Vehicle_11,8427653,29,0.1390728476821192,0.15384615384615385,0.08333333333333333,0.0625,0.9674124800755652,0.2,0.14285714285714285,0.9613603654339529,1e-20,1e-20,1e-20,0.000644625185707451,1e-20,0.0004582882179638909,0.03571428571428571,0.014925373134328358
Vehicle_11,8427653,30,0.08152173913043478,0.10714285714285714,0.09523809523809523,0.125,0.9674124800755652,0.09090909090909091,0.125,0.9613603654339529,0.037037037037037035,1e-20,1e-20,0.0007050587968675245,0.0012640697000982047,0.0005590109032306801,0.017543859649122806,0.03260869565217391
Vehicle_11,8427653,31,0.08,0.05263157894736842,0.16666666666666666,0.25,0.9674124800755652,1e-20,1e-20,0.9613603654339529,0.043478260869565216,1e-20,1e-20,1e-20,1e-20,1e-20,0.05555555555555555,0.06451612903225806
Vehicle_11,8427653,32,0.09090909090909091,1e-20,0.10526315789473684,0.1,0.9674124800755652,1e-20,1e-20,0.9613603654339529,0.04,1e-20,1e-20,1e-20,1e-20,1e-20,0.02564102564102564,0.03529411764705882
Vehicle_11,8427653,33,0.15436241610738255,1e-20,1e-20,1e-20,0.9674124800755652,0.08333333333333333,0.14285714285714285,0.9613603654339529,0.05,1e-20,1e-20,1e-20,1e-20,0.0015460932188452144,0.16666666666666666,0.06451612903225806
Vehicle_11,8427653,34,0.21296296296296297,1e-20,0.0625,0.09090909090909091,0.9674124800755652,0.06666666666666667,0.08333333333333333,0.9613603654339529,0.10526315789473684,1e-20,1e-20,1e-20,1e-20,1e-20,0.034482758620689655,0.06666666666666667
Vehicle_11,8427653,35,0.16083916083916083,1e-20,1e-20,1e-20,0.9674124800755652,1e-20,1e-20,0.9613603654339529,1e-20,1e-20,0.001475587339158462,0.0003626016669604412,0.0020396343766524816,0.0002417344446402941,0.04411764705882353,0.05223880597014925
Vehicle_11,8427653,36,0.1111111111111111,0.125,0.16666666666666666,0.3333333333333333,0.9674124800755652,1e-20,1e-20,0.9613603654339529,0.0625,1e-20,0.0011029134036713419,0.0004230352781205147,0.002679223428096593,0.0002467705789036336,0.0625,0.06521739130434782
Vehicle_11,8427653,37,0.15584415584415584,1e-20,0.125,1e-20,0.9674124800755652,1e-20,1e-20,0.9613603654339529,1e-20,1e-20,1e-20,0.00042807141238385414,1e-20,1e-20,0.09302325581395349,0.06896551724137931
Vehicle_11,8427653,38,0.037037037037037035,1e-20,1e-20,1e-20,0.9674124800755652,0.043478260869565216,0.09090909090909091,0.9613603654339529,1e-20,1e-20,1e-20,1e-20,1e-20,0.0005590109032306801,0.0684931506849315,0.09859154929577464
Vehicle_11,8427653,39,0.05128205128205128,0.12162162162162163,1e-20,0.002019489839599124,0.9674124800755652,1e-20,1e-20,0.9613603654339529,1e-20,1e-20,1e-20,1e-20,1e-20,1e-20,0.15702479338842976,0.11790393013100436
Vehicle_11,8427653,40,0.2727272727272727,0.15384615384615385,1e-20,1e-20,0.9674124800755652,1e-20,1e-20,0.9613603654339529,1e-20,1e-20,1e-20,0.00045325208370055144,1e-20,0.0003374209956437439,0.11363636363636363,0.10037174721189591
Vehicle_11,8427653,41,0.13725490196078433,0.14705882352941177,1e-20,1e-20,0.9674124800755652,0.14285714285714285,0.18181818181818182,0.9613603654339529,0.125,1e-20,1e-20,0.0023468385667161887,1e-20,0.00233173016392617,0.12056737588652482,0.11666666666666667
Vehicle_11,8427653,42,0.07058823529411765,0.18518518518518517,1e-20,1e-20,0.9674124800755652,0.0547945205479452,1e-20,0.9613603654339529,1e-20,1e-20,1e-20,0.0028353435902601165,0.25,0.00270440409941329,0.048,0.043478260869565216
Vehicle_11,8427653,43,0.12195121951219512,0.21818181818181817,0.05555555555555555,0.08333333333333333,0.9674124800755652,0.07407407407407407,1e-20,0.9613603654339529,0.07142857142857142,1e-20,0.058823529411764705,1e-20,1e-20,1e-20,0.08108108108108109,0.10687022900763359
Vehicle_11,8427653,44,0.15789473684210525,0.030927835051546393,0.10526315789473684,1e-20,0.9674124800755652,0.08934707903780069,0.046357615894039736,0.9613603654339529,0.038461538461538464,1e-20,1e-20,1e-20,0.02040816326530612,1e-20,0.11805555555555555,0.09782608695652174
Vehicle_11,8427653,45,0.17307692307692307,0.19230769230769232,0.1111111111111111,0.07692307692307693,0.9674124800755652,0.128,0.12931034482758622,0.9613603654339529,0.12903225806451613,1e-20,1e-20,1e-20,0.019801980198019802,1e-20,0.02727272727272727,0.020202020202020204
Vehicle_11,8427653,46,0.21370967741935484,0.1,0.2,0.23333333333333334,0.9674124800755652,0.12206572769953052,0.1134453781512605,0.9613603654339529,0.0625,1e-20,1e-20,1e-20,0.02857142857142857,1e-20,0.20512820512820512,0.15966386554621848
Vehicle_11,8427653,47,0.5866076369673492,0.175,0.06881720430107527,0.07975460122699386,0.9674124800755652,0.19801980198019803,0.20945945945945946,0.9613603654339529,0.015427769985974754,1e-20,0.025974025974025976,0.023255813953488372,0.09016393442622951,0.05714285714285714,0.11895910780669144,0.12832929782082325
Vehicle_11,8427653,48,0.14491776759234296,0.08163265306122448,0.16607773851590105,0.15675675675675677,0.9674124800755652,0.1566156615661566,0.15863141524105753,0.9613603654339529,0.060240963855421686,1e-20,0.026737967914438502,0.038461538461538464,0.18036072144288579,0.05,0.011363636363636364,0.014084507042253521
Vehicle_11,8427653,49,0.4921711899791232,1e-20,0.17884615384615385,0.19533527696793002,0.9674124800755652,0.03604531410916581,0.03832116788321168,0.9613603654339529,0.21651785714285715,1e-20,0.09183673469387756,0.047619047619047616,0.009749303621169917,0.08823529411764706,1e-20,1e-20
Vehicle_11,8427653,50,0.19206314404735803,1e-20,0.19161676646706588,0.1747787610619469,0.9674124800755652,0.17261904761904762,0.18285714285714286,0.9613603654339529,0.1430817610062893,1e-20,0.038461538461538464,0.09090909090909091,0.12195121951219512,0.14285714285714285,1e-20,0.038461538461538464
Vehicle_11,8427653,51,0.5866076369673492,0.1111111111111111,0.16151685393258428,0.1591928251121076,0.9674124800755652,0.13856209150326798,0.12165450121654502,0.9613603654339529,0.2356687898089172,1e-20,0.15384615384615385,0.07692307692307693,0.13157894736842105,0.09090909090909091,0.19827586206896552,0.17647058823529413
Vehicle_11,8427653,52,0.7014019951469399,0.175,0.0913978494623656,0.08146067415730338,0.9674124800755652,0.20033670033670034,0.18446601941747573,0.9613603654339529,0.043204320432043204,1e-20,0.04285714285714286,0.019801980198019802,0.103515625,0.038461538461538464,0.2920353982300885,0.27638190954773867
Vehicle_11,8427653,53,0.14491776759234296,0.21428571428571427,0.2022792022792023,0.19704433497536947,0.9674124800755652,0.24738219895287958,0.2687651331719128,0.9613603654339529,0.1511627906976744,1e-20,0.007874015748031496,1e-20,0.054474708171206226,1e-20,0.10619469026548672,0.07537688442211055
Vehicle_11,8427653,54,0.4921711899791232,0.20238095238095238,0.1542952460383653,0.15449101796407186,0.9674124800755652,0.24052287581699347,0.26520681265206814,0.9613603654339529,0.18052738336713997,1e-20,0.0625,0.08333333333333333,0.18181818181818182,1e-20,0.041237113402061855,0.037267080745341616
Vehicle_11,8427653,55,0.6160929620697215,0.10294117647058823,0.014970059880239521,0.011061946902654867,0.9674124800755652,0.009162303664921465,0.009685230024213076,0.9613603654339529,0.08258928571428571,1e-20,0.045454545454545456,1e-20,0.0136986301369863,1e-20,1e-20,1e-20
Vehicle_11,8427653,56,0.19206314404735803,0.14634146341463414,1e-20,1e-20,0.9674124800755652,0.02127659574468085,0.045454545454545456,0.9613603654339529,1e-20,1e-20,0.007575757575757576,0.022727272727272728,1e-20,1e-20,1e-20,1e-20
Vehicle_11,8427653,57,0.5866076369673492,0.13636363636363635,0.05263157894736842,1e-20,0.9674124800755652,0.04950495049504951,0.043478260869565216,0.9613603654339529,0.041666666666666664,1e-20,0.07407407407407407,0.07142857142857142,1e-20,1e-20,1e-20,1e-20
Vehicle_11,8427653,58,0.7014019951469399,0.21818181818181817,0.07894736842105263,0.07317073170731707,0.9674124800755652,0.14244186046511628,0.1691542288557214,0.9613603654339529,0.24848484848484848,1e-20,0.036585365853658534,0.10714285714285714,0.07692307692307693,0.10714285714285714,1e-20,0.05263157894736842
Vehicle_11,8427653,59,0.7014019951469399,0.061855670103092786,0.1935483870967742,0.2116564417177914,0.9674124800755652,0.19617224880382775,0.1841541755888651,0.9613603654339529,0.22432859399684044,1e-20,0.024096385542168676,0.043859649122807015,0.13333333333333333,0.037037037037037035,0.04395604395604396,0.06790123456790123
Vehicle_11,8427653,60,0.14491776759234296,0.21951219512195122,0.2713178294573643,0.2968036529680365,0.9674124800755652,0.24343434343434345,0.25573192239858905,0.9613603654339529,0.1184,1e-20,0.04964539007092199,0.019801980198019802,0.14285714285714285,0.038461538461538464,1e-20,0.011627906976744186
Vehicle_11,8427653,61,0.4921711899791232,0.08,0.3402835696413678,0.37365269461077844,0.9674124800755652,0.13285272914521112,0.12773722627737227,0.9613603654339529,0.21882951653944022,1e-20,0.022556390977443608,1e-20,0.026462395543175487,1e-20,0.057971014492753624,0.05042016806722689
Vehicle_11,8427653,62,0.6160929620697215,0.125,0.3402835696413678,0.37365269461077844,0.9674124800755652,0.2883435582822086,0.2826086956521739,0.9613603654339529,0.17026378896882494,1e-20,1e-20,1e-20,0.04316546762589928,1e-20,0.06451612903225806,0.06862745098039216
Vehicle_11,8427653,63,0.19206314404735803,0.0673076923076923,0.3402835696413678,0.37365269461077844,0.9674124800755652,0.35161744022503516,0.37320574162679426,0.9613603654339529,0.30338983050847457,1e-20,0.058823529411764705,1e-20,0.05058365758754864,1e-20,0.20224719101123595,0.19572953736654805
Vehicle_11,8427653,64,0.5866076369673492,0.09090909090909091,0.045871559633027525,0.03952095808383234,0.9674124800755652,0.051630434782608696,0.05200945626477541,0.9613603654339529,0.21525423728813559,1e-20,1e-20,0.014492753623188406,0.007142857142857143,0.05555555555555555,0.0044444444444444444,0.004914004914004914
Vehicle_11,8427653,65,0.7014019951469399,1e-20,0.1709090909090909,0.15527950310559005,0.9674124800755652,0.07936507936507936,0.08673469387755102,0.9613603654339529,0.31437598736176936,1e-20,0.09090909090909091,0.25,0.075,0.3333333333333333,0.14285714285714285,0.09523809523809523
Vehicle_11,8427653,66,0.7014019951469399,0.18181818181818182,0.323037323037323,0.3202614379084967,0.9674124800755652,0.0729483282674772,0.10588235294117647,0.9613603654339529,0.1494149414941494,1e-20,0.0967741935483871,0.023809523809523808,0.08092485549132948,0.10526315789473684,1e-20,0.034482758620689655
Vehicle_11,8427653,67,0.14491776759234296,1e-20,0.33708567854909316,0.34247967479674796,0.9674124800755652,0.16352201257861634,0.1662870159453303,0.9613603654339529,0.2288,1e-20,0.1329479768786127,0.08,0.146875,0.05172413793103448,0.13432835820895522,0.14173228346456693
Vehicle_11,8427653,68,0.24739039665970772,0.058823529411764705,0.14821763602251406,0.16158536585365854,0.9674124800755652,0.22021660649819494,0.2348993288590604,0.9613603654339529,0.09491525423728814,1e-20,0.06647398843930635,0.013333333333333334,0.07808564231738035,0.034482758620689655,0.1282051282051282,0.1076923076923077
Vehicle_11,8427653,69,0.5866076369673492,0.16666666666666666,0.26947637292464877,0.29324894514767935,0.9674124800755652,0.13164556962025317,0.12962962962962962,0.9613603654339529,0.21406727828746178,1e-20,0.037037037037037035,0.02857142857142857,0.03278688524590164,0.014285714285714285,0.06593406593406594,0.048484848484848485
Vehicle_11,8427653,70,0.7014019951469399,1e-20,0.2848020434227331,0.31666666666666665,0.9674124800755652,0.30710659898477155,0.3380952380952381,0.9613603654339529,0.2776998597475456,1e-20,0.15151515151515152,0.20512820512820512,0.1951219512195122,1e-20,0.1276595744680851,0.12195121951219512
Vehicle_11,8427653,71,0.7014019951469399,0.1,0.33708567854909316,0.34247967479674796,0.9674124800755652,0.20593368237347295,0.21341463414634146,0.9613603654339529,0.2061711079943899,1e-20,0.14492753623188406,0.09090909090909091,0.1320754716981132,0.25,0.054187192118226604,0.0584958217270195
Vehicle_11,8427653,72,0.7014019951469399,0.06451612903225806,0.13320825515947468,0.133130081300813,0.9674124800755652,0.13496932515337423,0.14672686230248308,0.9613603654339529,0.2756598240469208,1e-20,0.08092485549132948,0.045454545454545456,0.07657657657657657,1e-20,0.0379746835443038,0.043795620437956206
Vehicle_11,8427653,73,0.14491776759234296,0.023255813953488372,0.1421383647798742,0.16458333333333333,0.9674124800755652,0.147024504084014,0.16186252771618626,0.9613603654339529,0.28352835283528355,1e-20,0.08522727272727272,0.013888888888888888,0.07027027027027027,0.03225806451612903,0.09302325581395349,0.06896551724137931
Vehicle_11,8427653,74,0.4921711899791232,0.24096385542168675,0.35125448028673834,0.38202247191011235,0.9674124800755652,0.2204861111111111,0.20579710144927535,0.9613603654339529,0.1494149414941494,1e-20,0.2857142857142857,0.08333333333333333,0.1746031746031746,1e-20,0.06467661691542288,0.062146892655367235
Vehicle_11,8427653,75,0.6160929620697215,0.10256410256410256,0.18884892086330934,0.1864406779661017,0.9674124800755652,0.1689497716894977,0.19130434782608696,0.9613603654339529,0.2288,1e-20,0.08433734939759036,0.05263157894736842,0.05113636363636364,1e-20,0.013513513513513514,0.021739130434782608
Vehicle_11,8427653,76,0.6160929620697215,0.11764705882352941,0.164804469273743,0.15311004784688995,0.9674124800755652,0.30843373493975906,0.32727272727272727,0.9613603654339529,0.09491525423728814,1e-20,0.0421455938697318,0.06756756756756757,0.121875,0.10344827586206896,0.06521739130434782,0.05194805194805195
Vehicle_11,8427653,77,0.19206314404735803,0.28888888888888886,0.2782608695652174,0.3118811881188119,0.9674124800755652,0.31645569620253167,0.32407407407407407,0.9613603654339529,0.21406727828746178,1e-20,0.028089887640449437,0.08,0.09259259259259259,0.03773584905660377,0.25274725274725274,0.19393939393939394
Vehicle_11,8427653,78,0.5866076369673492,0.2,0.32388663967611336,0.3419354838709677,0.9674124800755652,0.33704572098475966,0.3347826086956522,0.9613603654339529,0.2776998597475456,1e-20,0.008130081300813009,0.024390243902439025,0.07373271889400922,1e-20,0.25862068965517243,0.2112676056338028
Vehicle_11,8427653,79,0.7014019951469399,0.20689655172413793,0.22064777327935223,0.23624595469255663,0.9674124800755652,0.33704572098475966,0.3347826086956522,0.9613603654339529,0.2061711079943899,1e-20,0.07692307692307693,0.1,0.2413793103448276,0.2,0.12643678160919541,0.12323943661971831
Vehicle_11,8427653,80,0.7014019951469399,0.20689655172413793,0.2848020434227331,0.31666666666666665,0.9674124800755652,0.07737397420867527,0.07608695652173914,0.9613603654339529,0.20674486803519063,1e-20,0.03225806451612903,1e-20,0.0273972602739726,1e-20,0.09433962264150944,0.10695187165775401
Vehicle_11,8427653,81,0.14491776759234296,0.16091954022988506,0.13320825515947468,0.133130081300813,0.9674124800755652,0.30710659898477155,0.3380952380952381,0.9613603654339529,0.27180232558139533,1e-20,0.04371584699453552,0.02666666666666667,0.04844290657439446,0.043478260869565216,0.11494252873563218,0.11176470588235295
Vehicle_11,8427653,82,0.4921711899791232,0.22535211267605634,0.2691823899371069,0.27291666666666664,0.9674124800755652,0.3787085514834206,0.3780487804878049,0.9613603654339529,0.20674486803519063,1e-20,0.01818181818181818,0.011764705882352941,0.054455445544554455,1e-20,0.12396694214876033,0.14798206278026907
Vehicle_11,8427653,83,0.6160929620697215,0.26436781609195403,0.16988416988416988,0.1721132897603486,0.9674124800755652,0.37209302325581395,0.4355400696864111,0.9613603654339529,0.27180232558139533,1e-20,0.1794871794871795,0.1875,0.2698412698412698,1e-20,0.07142857142857142,0.09361702127659574
Vehicle_11,8427653,84,0.19206314404735803,0.22935779816513763,0.06415094339622641,0.06458333333333334,0.9674124800755652,0.3663194444444444,0.3565217391304348,0.9613603654339529,0.09530791788856305,1e-20,0.041666666666666664,1e-20,0.03773584905660377,1e-20,0.03305785123966942,0.03139013452914798
Vehicle_11,8427653,85,0.5866076369673492,0.22935779816513763,0.2007042253521127,0.2111801242236025,0.9674124800755652,0.3787085514834206,0.3780487804878049,0.9613603654339529,0.15046296296296297,1e-20,0.047619047619047616,0.012195121951219513,0.09852216748768473,0.02631578947368421,0.08888888888888889,0.09473684210526316
Vehicle_11,8427653,86,0.7014019951469399,0.15555555555555556,0.1685823754789272,0.16875,0.9674124800755652,0.19320214669051877,0.18118466898954705,0.9613603654339529,0.21166306695464362,1e-20,1e-20,0.011363636363636364,0.019138755980861243,1e-20,0.03333333333333333,0.01932367149758454
Vehicle_11,8427653,87,0.7014019951469399,0.26436781609195403,0.2691823899371069,0.27291666666666664,0.9674124800755652,0.24052287581699347,0.26520681265206814,0.9613603654339529,0.20674486803519063,1e-20,0.09523809523809523,1e-20,0.09375,1e-20,0.09523809523809523,0.09836065573770492
Vehicle_11,8427653,88,0.14491776759234296,0.22935779816513763,0.323037323037323,0.3202614379084967,0.9674124800755652,0.16099476439790575,0.162227602905569,0.9613603654339529,0.27180232558139533,1e-20,0.04081632653061224,1e-20,0.07853403141361257,1e-20,0.125,0.08928571428571429
Vehicle_11,8427653,89,0.4921711899791232,0.22935779816513763,0.14821763602251406,0.16158536585365854,0.9674124800755652,0.13006134969325153,0.12415349887133183,0.9613603654339529,0.09530791788856305,1e-20,0.06069364161849711,0.05747126436781609,0.13963963963963963,0.03389830508474576,0.12658227848101267,0.1386861313868613
Vehicle_11,8427653,90,0.6160929620697215,0.12222222222222222,0.26947637292464877,0.29324894514767935,0.9674124800755652,0.07106598984771574,0.07142857142857142,0.9613603654339529,0.04398148148148148,1e-20,0.11235955056179775,0.08536585365853659,0.09012875536480687,0.02631578947368421,0.04580152671755725,0.046296296296296294
Vehicle_11,8427653,91,0.6160929620697215,0.16363636363636364,0.1417624521072797,0.14375,0.9674124800755652,0.15286624203821655,0.18823529411764706,0.9613603654339529,0.19491525423728814,1e-20,0.03614457831325301,1e-20,1e-20,1e-20,0.07272727272727272,0.07291666666666667
Vehicle_11,8427653,92,0.6160929620697215,0.15151515151515152,0.15708812260536398,0.17932489451476794,0.9674124800755652,0.29873417721518986,0.2777777777777778,0.9613603654339529,0.22629969418960244,1e-20,0.24074074074074073,0.08333333333333333,0.23529411764705882,1e-20,1e-20,0.030303030303030304
Vehicle_11,8427653,93,0.19206314404735803,0.1875,0.21730382293762576,0.22006472491909385,0.9674124800755652,0.17484276729559747,0.15945330296127563,0.9613603654339529,0.20674486803519063,1e-20,0.09722222222222222,0.2222222222222222,0.13333333333333333,0.06666666666666667,0.027777777777777776,0.1411764705882353
Vehicle_11,8427653,94,0.1914775871610404,0.1566265060240964,0.07163323782234957,0.06701030927835051,0.9674124800755652,0.36293436293436293,0.38697318007662834,0.9613603654339529,0.10755813953488372,1e-20,0.05673758865248227,0.03773584905660377,0.16120906801007556,0.09836065573770492,0.04,0.039603960396039604
Vehicle_11,8427653,95,0.4921711899791232,0.25301204819277107,0.1588235294117647,0.15,0.9674124800755652,0.22021660649819494,0.2348993288590604,0.9613603654339529,0.21212121212121213,1e-20,0.1038961038961039,0.10606060606060606,0.08816120906801007,0.08771929824561403,0.03225806451612903,0.03597122302158273
Vehicle_11,8427653,96,0.6160929620697215,0.22093023255813954,0.2782608695652174,0.3118811881188119,0.9674124800755652,0.31645569620253167,0.32407407407407407,0.9613603654339529,0.21406727828746178,1e-20,0.07865168539325842,0.023809523809523808,0.09259259259259259,0.08,0.25274725274725274,0.19393939393939394
Vehicle_11,8427653,97,0.19206314404735803,0.27631578947368424,0.32388663967611336,0.3419354838709677,0.9674124800755652,0.14009378663540445,0.15,0.9613603654339529,0.2061711079943899,1e-20,0.022556390977443608,0.06666666666666667,0.07373271889400922,0.04,0.07471264367816093,0.07394366197183098
Vehicle_11,8427653,98,0.5866076369673492,0.14084507042253522,0.32186234817813764,0.32038834951456313,0.9674124800755652,0.29056603773584905,0.30751708428246016,0.9613603654339529,0.20674486803519063,1e-20,0.17073170731707318,0.05128205128205128,0.2413793103448276,0.08333333333333333,0.17647058823529413,0.14285714285714285
Vehicle_11,8427653,99,0.14491776759234296,0.2125,0.3440643863179074,0.34951456310679613,0.9674124800755652,0.14068441064638784,0.15476190476190477,0.9613603654339529,0.27180232558139533,1e-20,0.125,0.0625,0.2191780821917808,0.1111111111111111,0.2111111111111111,0.15789473684210525
Vehicle_11,8427653,100,0.24739039665970772,0.2597402597402597,0.32388663967611336,0.3419354838709677,0.9674124800755652,0.16352201257861634,0.1662870159453303,0.9613603654339529,0.2756598240469208,1e-20,0.0963855421686747,0.045454545454545456,0.128125,0.017543859649122806,0.18823529411764706,0.2108843537414966
Vehicle_11,8427653,101,0.1914775871610404,0.2828282828282828,0.22064777327935223,0.23624595469255663,0.9674124800755652,0.22021660649819494,0.2348993288590604,0.9613603654339529,0.28352835283528355,1e-20,0.024691358024691357,0.07142857142857142,0.048295454545454544,0.02857142857142857,0.03048780487804878,0.04643962848297214
Vehicle_11,8427653,102,0.4921711899791232,0.2828282828282828,0.11621966794380588,0.11875,0.9674124800755652,0.29873417721518986,0.2777777777777778,0.9613603654339529,0.28352835283528355,1e-20,0.2702702702702703,0.20512820512820512,0.23529411764705882,0.08333333333333333,1e-20,0.011904761904761904
Vehicle_11,8427653,103,0.6160929620697215,0.2828282828282828,0.2782608695652174,0.3118811881188119,0.9674124800755652,0.17484276729559747,0.15945330296127563,0.9613603654339529,0.28352835283528355,1e-20,0.17543859649122806,0.1111111111111111,0.13333333333333333,0.13333333333333333,0.047619047619047616,0.022222222222222223
Vehicle_11,8427653,104,0.6160929620697215,0.18181818181818182,0.32388663967611336,0.3419354838709677,0.9674124800755652,0.36293436293436293,0.38697318007662834,0.9613603654339529,0.28352835283528355,1e-20,0.13253012048192772,0.13043478260869565,0.16120906801007556,0.058823529411764705,0.1951219512195122,0.22580645161290322
Vehicle_11,8427653,105,0.6160929620697215,0.1927710843373494,0.18218623481781376,0.20388349514563106,0.9674124800755652,0.33935018050541516,0.31543624161073824,0.9613603654339529,0.162016201620162,1e-20,0.05,0.06521739130434782,0.12090680100755667,0.04411764705882353,0.17073170731707318,0.13622291021671826
Vehicle_11,8427653,106,0.19206314404735803,0.10975609756097561,0.1819484240687679,0.17123287671232876,0.9674124800755652,0.3405940594059406,0.3127413127413127,0.9613603654339529,0.0755813953488372,1e-20,0.024390243902439025,0.01098901098901099,0.045454545454545456,1e-20,0.1232876712328767,0.11673151750972763
Vehicle_11,8427653,107,0.5866076369673492,0.2127659574468085,0.12689655172413794,0.16824644549763032,0.9674124800755652,0.36293436293436293,0.38697318007662834,0.9613603654339529,0.13959390862944163,1e-20,0.08196721311475409,1e-20,0.24242424242424243,0.1111111111111111,0.19753086419753085,0.185
Vehicle_11,8427653,108,0.7014019951469399,0.21428571428571427,0.14654002713704206,0.16705882352941176,0.9674124800755652,0.33935018050541516,0.31543624161073824,0.9613603654339529,0.15221579961464354,1e-20,0.08823529411764706,0.09523809523809523,0.1794871794871795,1e-20,0.22105263157894736,0.23696682464454977
Vehicle_11,8427653,109,0.14491776759234296,0.13253012048192772,0.22626262626262628,0.23270440251572327,0.9674124800755652,0.3405940594059406,0.3127413127413127,0.9613603654339529,0.21166306695464362,1e-20,0.0807799442896936,0.06896551724137931,0.12090680100755667,0.1111111111111111,0.04381443298969072,0.060498220640569395
Vehicle_11,8427653,110,0.4921711899791232,0.17391304347826086,0.28212290502793297,0.30275229357798167,0.9674124800755652,0.23552123552123552,0.2222222222222222,0.9613603654339529,0.20674486803519063,1e-20,0.04245283018867924,1e-20,0.048295454545454544,0.013888888888888888,0.03296703296703297,0.035
Vehicle_11,8427653,111,0.6160929620697215,0.12727272727272726,0.2165991902834008,0.19032258064516128,0.9674124800755652,0.320659062103929,0.3380952380952381,0.9613603654339529,0.27180232558139533,1e-20,0.14634146341463414,1e-20,0.19117647058823528,0.6666666666666666,0.14285714285714285,0.12048192771084337
Vehicle_11,8427653,112,0.6160929620697215,0.034482758620689655,0.1685823754789272,0.16875,0.9674124800755652,0.33704572098475966,0.3347826086956522,0.9613603654339529,0.15689149560117302,1e-20,0.09230769230769231,1e-20,0.14736842105263157,1e-20,0.18867924528301888,0.11764705882352941
Vehicle_11,8427653,113,0.6160929620697215,0.3548387096774194,0.15974842767295597,0.15833333333333333,0.9674124800755652,0.015826494724501757,0.016304347826086956,0.9613603654339529,0.2736,1e-20,0.10569105691056911,0.04950495049504951,0.11527377521613832,0.038461538461538464,0.018018018018018018,0.01694915254237288
Vehicle_11,8427653,114,0.6160929620697215,0.07042253521126761,0.3579136690647482,0.3644067796610169,0.9674124800755652,0.21768707482993196,0.2,0.9613603654339529,0.31437598736176936,1e-20,0.12571428571428572,0.02666666666666667,0.02631578947368421,1e-20,0.0625,0.08571428571428572
Vehicle_11,8427653,115,0.19206314404735803,0.17647058823529413,0.3570127504553734,0.38333333333333336,0.9674124800755652,0.26520681265206814,0.2719298245614035,0.9613603654339529,0.28352835283528355,1e-20,0.07692307692307693,0.06593406593406594,0.054474708171206226,0.05555555555555555,0.15254237288135594,0.09649122807017543
Vehicle_11,8427653,116,0.5866076369673492,0.2037037037037037,0.1917562724014337,0.20786516853932585,0.9674124800755652,0.3153846153846154,0.3153153153153153,0.9613603654339529,0.1494149414941494,1e-20,0.15517241379310345,0.15384615384615385,0.18181818181818182,1e-20,0.10294117647058823,0.09090909090909091
Vehicle_11,8427653,117,0.7014019951469399,0.20634920634920634,0.14793741109530584,0.16628175519630484,0.9674124800755652,0.19006849315068494,0.20447284345047922,0.9613603654339529,0.1184,1e-20,0.14705882352941177,1e-20,0.11046511627906977,1e-20,0.06666666666666667,0.050746268656716415
Vehicle_11,8427653,118,0.14491776759234296,0.23809523809523808,0.23655913978494625,0.19938650306748465,0.9674124800755652,0.24738219895287958,0.2687651331719128,0.9613603654339529,0.15521628498727735,1e-20,0.07692307692307693,0.08108108108108109,0.04234527687296417,1e-20,0.06666666666666667,0.05670103092783505
Vehicle_11,8427653,119,0.4921711899791232,0.18604651162790697,0.26264044943820225,0.2757847533632287,0.9674124800755652,0.24052287581699347,0.26520681265206814,0.9613603654339529,0.17197452229299362,1e-20,0.08108108108108109,0.014084507042253521,0.03125,0.020833333333333332,0.13793103448275862,0.1493212669683258
Vehicle_11,8427653,120,0.6160929620697215,0.13636363636363635,0.1507823613086771,0.16859122401847576,0.9674124800755652,0.16099476439790575,0.17675544794188863,0.9613603654339529,0.1958174904942966,1e-20,0.1346153846153846,0.16666666666666666,0.22807017543859648,1e-20,0.21774193548387097,0.20425531914893616
Vehicle_11,8427653,121,0.6160929620697215,0.136986301369863,0.23937360178970918,0.23920265780730898,0.9674124800755652,0.21354166666666666,0.22318840579710145,0.9613603654339529,0.1430817610062893,1e-20,0.23636363636363636,0.04,0.08411214953271028,1e-20,0.12,0.10344827586206896
Vehicle_11,8427653,122,0.19206314404735803,0.21739130434782608,0.2808022922636103,0.29694323144104806,0.9674124800755652,0.3153846153846154,0.3153153153153153,0.9613603654339529,0.12101910828025478,1e-20,0.07983193277310924,0.043859649122807015,0.1393188854489164,0.037037037037037035,0.1724137931034483,0.14479638009049775
Vehicle_11,8427653,123,0.1914775871610404,0.1891891891891892,0.16844919786096257,0.1680327868852459,0.9674124800755652,0.3732876712328767,0.38338658146964855,0.9613603654339529,0.0832,1e-20,0.06796116504854369,0.04950495049504951,0.1484375,0.09615384615384616,0.1388888888888889,0.14029850746268657
Vehicle_11,8427653,124,0.4921711899791232,0.22727272727272727,0.2852664576802508,0.3101851851851852,0.9674124800755652,0.3451178451178451,0.34627831715210355,0.9613603654339529,0.1592356687898089,1e-20,0.02097902097902098,0.03571428571428571,0.15234375,1e-20,0.045454545454545456,0.07063197026022305
Vehicle_11,8427653,125,0.6160929620697215,0.3125,0.1437125748502994,0.168141592920354,0.9674124800755652,0.3411371237458194,0.3395638629283489,0.9613603654339529,0.21221864951768488,1e-20,0.1,0.078125,0.081145584725537,1e-20,0.1650485436893204,0.15178571428571427
Vehicle_11,8427653,126,0.6160929620697215,0.3170731707317073,0.1935483870967742,0.2116564417177914,0.9674124800755652,0.3732876712328767,0.38338658146964855,0.9613603654339529,0.1135593220338983,1e-20,0.13793103448275862,0.047619047619047616,0.29357798165137616,0.2222222222222222,0.06060606060606061,0.09268292682926829
Vehicle_11,8427653,127,0.6160929620697215,0.04878048780487805,0.08992248062015504,0.06621004566210045,0.9674124800755652,0.3451178451178451,0.34627831715210355,0.9613603654339529,0.1305732484076433,1e-20,0.057692307692307696,1e-20,0.1686046511627907,1e-20,0.06818181818181818,0.07063197026022305
Vehicle_11,8427653,128,0.6160929620697215,0.17391304347826086,0.16363636363636364,0.18633540372670807,0.9674124800755652,0.21237458193979933,0.20249221183800623,0.9613603654339529,0.13478260869565217,1e-20,0.08208955223880597,0.09523809523809523,0.0703125,0.05,0.08235294117647059,0.06329113924050633
Vehicle_11,8427653,129,0.6160929620697215,0.13095238095238096,0.09246088193456614,0.08545034642032333,0.9674124800755652,0.30413625304136255,0.3201754385964912,0.9613603654339529,0.055133079847908745,1e-20,0.024271844660194174,0.020618556701030927,0.0673758865248227,0.03389830508474576,0.04838709677419355,0.02553191489361702
Vehicle_11,8427653,130,0.19206314404735803,0.13043478260869565,0.20795107033639143,0.27325581395348836,0.9674124800755652,0.3787085514834206,0.3780487804878049,0.9613603654339529,0.16666666666666666,1e-20,1e-20,0.09859154929577464,0.05917159763313609,0.020833333333333332,0.1016949152542373,0.0970873786407767
Vehicle_11,8427653,131,0.5866076369673492,0.23529411764705882,0.1421383647798742,0.16458333333333333,0.9674124800755652,0.37209302325581395,0.4355400696864111,0.9613603654339529,0.2756598240469208,1e-20,0.025,0.02564102564102564,0.028169014084507043,1e-20,0.15702479338842976,0.14798206278026907
Vehicle_11,8427653,132,0.14491776759234296,0.15966386554621848,0.20430107526881722,0.19662921348314608,0.9674124800755652,0.3663194444444444,0.3565217391304348,0.9613603654339529,0.162016201620162,1e-20,1e-20,1e-20,1e-20,0.5,0.11442786069651742,0.11864406779661017
Vehicle_11,8427653,133,0.24739039665970772,0.26506024096385544,0.13513513513513514,0.13071895424836602,0.9674124800755652,0.20593368237347295,0.21341463414634146,0.9613603654339529,0.2180232558139535,1e-20,0.06896551724137931,0.05555555555555555,0.056338028169014086,1e-20,0.031746031746031744,0.04680851063829787
Vehicle_11,8427653,134,0.1914775871610404,0.18888888888888888,0.26947637292464877,0.29324894514767935,0.9674124800755652,0.3116564417177914,0.3047404063205418,0.9613603654339529,0.2061711079943899,1e-20,0.03333333333333333,1e-20,0.10084033613445378,0.07142857142857142,0.08108108108108109,0.07407407407407407
Vehicle_11,8427653,135,0.4921711899791232,0.20253164556962025,0.1685823754789272,0.16875,0.9674124800755652,0.16471277842907386,0.1673913043478261,0.9613603654339529,0.2756598240469208,1e-20,0.08292682926829269,0.045454545454545456,0.08357348703170028,0.017543859649122806,0.04716981132075472,0.0481283422459893
Vehicle_11,8427653,136,0.19206314404735803,0.10526315789473684,0.2691823899371069,0.27291666666666664,0.9674124800755652,0.2765460910151692,0.2838137472283814,0.9613603654339529,0.28352835283528355,1e-20,1e-20,0.02857142857142857,0.08648648648648649,0.014285714285714285,0.11627906976744186,0.13793103448275862
Vehicle_11,8427653,137,0.5866076369673492,0.17333333333333334,0.11969111969111969,0.11764705882352941,0.9674124800755652,0.13006134969325153,0.12415349887133183,0.9613603654339529,0.1494149414941494,1e-20,1e-20,1e-20,0.04225352112676056,1e-20,0.06666666666666667,0.05217391304347826
Vehicle_11,8427653,138,0.14491776759234296,0.17721518987341772,0.1349206349206349,0.13392857142857142,0.9674124800755652,0.30710659898477155,0.3380952380952381,0.9613603654339529,0.1184,1e-20,1e-20,1e-20,1e-20,1e-20,0.06976744186046512,0.05747126436781609
Vehicle_11,8427653,139,0.4921711899791232,0.26436781609195403,0.232620320855615,0.25,0.9674124800755652,0.3787085514834206,0.3780487804878049,0.9613603654339529,0.21882951653944022,1e-20,0.013053660010575882,0.006405962782967794,0.014544355752524362,0.004628207388008964,0.07142857142857142,0.09216589861751152
Vehicle_11,8427653,140,0.6160929620697215,0.1926605504587156,0.27793696275071633,0.30131004366812225,0.9674124800755652,0.37209302325581395,0.4355400696864111,0.9613603654339529,0.2038369304556355,1e-20,0.01867902198272606,0.007609598871905925,0.021393498350666028,0.0058721325510538115,0.25,0.20600858369098712
Vehicle_11,8427653,141,0.6160929620697215,0.24096385542168675,0.18579234972677597,0.19444444444444445,0.9674124800755652,0.21354166666666666,0.22318840579710145,0.9613603654339529,0.22432859399684044,1e-20,0.009433962264150943,0.025,0.04330708661417323,0.034482758620689655,0.012658227848101266,0.011363636363636364
Vehicle_11,8427653,142,0.6160929620697215,0.20512820512820512,0.1507823613086771,0.16859122401847576,0.9674124800755652,0.23333333333333334,0.26576576576576577,0.9613603654339529,0.1184,1e-20,0.06289308176100629,0.20833333333333334,0.01953125,0.03225806451612903,1e-20,0.02702702702702703
Vehicle_11,8427653,143,0.6160929620697215,0.2753623188405797,0.3131991051454139,0.3521594684385382,0.9674124800755652,0.30413625304136255,0.3201754385964912,0.9613603654339529,0.19083969465648856,1e-20,0.07407407407407407,0.018518518518518517,0.09090909090909091,1e-20,0.03225806451612903,0.045454545454545456
Vehicle_11,8427653,144,0.6160929620697215,0.13636363636363635,0.2106430155210643,0.23,0.9674124800755652,0.20593368237347295,0.21341463414634146,0.9613603654339529,0.12735849056603774,1e-20,0.02,1e-20,0.050505050505050504,0.1111111111111111,0.04,0.034482758620689655
Vehicle_11,8427653,145,0.6160929620697215,0.2054794520547945,0.07584269662921349,0.07174887892376682,0.9674124800755652,0.3116564417177914,0.3047404063205418,0.9613603654339529,0.07194244604316546,1e-20,0.043478260869565216,0.03333333333333333,0.1111111111111111,0.08333333333333333,0.023809523809523808,0.05555555555555555
Vehicle_11,8427653,146,0.6160929620697215,0.18840579710144928,0.2007042253521127,0.2111801242236025,0.9674124800755652,0.33704572098475966,0.3347826086956522,0.9613603654339529,0.22629969418960244,1e-20,0.028037383177570093,0.06666666666666667,0.10471204188481675,0.05405405405405406,0.06666666666666667,0.0821917808219178
Vehicle_11,8427653,147,0.6160929620697215,0.26506024096385544,0.2848020434227331,0.31666666666666665,0.9674124800755652,0.14009378663540445,0.15,0.9613603654339529,0.15689149560117302,1e-20,1e-20,1e-20,0.009287925696594427,1e-20,0.05660377358490566,0.0748663101604278
Vehicle_11,8427653,148,0.6160929620697215,0.18888888888888888,0.13320825515947468,0.133130081300813,0.9674124800755652,0.06792452830188679,0.07972665148063782,0.9613603654339529,0.2736,1e-20,0.09523809523809523,0.1111111111111111,0.0847457627118644,1e-20,0.014925373134328358,0.007874015748031496
Vehicle_11,8427653,149,0.6160929620697215,0.17721518987341772,0.15974842767295597,0.15833333333333333,0.9674124800755652,0.07301587301587302,0.05952380952380952,0.9613603654339529,0.22432859399684044,1e-20,0.04,1e-20,0.140625,0.0625,0.08333333333333333,0.07692307692307693
Vehicle_11,8427653,150,0.6160929620697215,0.26436781609195403,0.3579136690647482,0.3644067796610169,0.9674124800755652,0.19320214669051877,0.18118466898954705,0.9613603654339529,0.2736,1e-20,0.12571428571428572,0.1485148514851485,0.05157593123209169,0.07692307692307693,0.09411764705882353,0.08764940239043825
Vehicle_11,8427653,151,0.6160929620697215,0.24096385542168675,0.3570127504553734,0.38333333333333336,0.9674124800755652,0.24052287581699347,0.26520681265206814,0.9613603654339529,0.31437598736176936,1e-20,0.07179487179487179,0.20833333333333334,0.015625,0.03225806451612903,0.017857142857142856,0.016666666666666666
Vehicle_11,8427653,152,0.6160929620697215,0.3333333333333333,0.1917562724014337,0.20786516853932585,0.9674124800755652,0.16099476439790575,0.17675544794188863,0.9613603654339529,0.1332133213321332,1e-20,0.15873015873015872,0.18518518518518517,0.24390243902439024,0.07692307692307693,0.0847457627118644,0.10526315789473684
Vehicle_11,8427653,153,0.6160929620697215,0.10948905109489052,0.24466571834992887,0.2586605080831409,0.9674124800755652,0.21354166666666666,0.22318840579710145,0.9613603654339529,0.19011406844106463,1e-20,0.1,0.09523809523809523,0.07547169811320754,0.05,0.14285714285714285,0.12903225806451613
Vehicle_11,8427653,154,0.19206314404735803,0.07246376811594203,0.26264044943820225,0.2757847533632287,0.9674124800755652,0.1,0.08108108108108109,0.9613603654339529,0.2356687898089172,1e-20,0.029411764705882353,0.12280701754385964,0.021671826625386997,0.07407407407407407,0.008620689655172414,0.004524886877828055
Vehicle_11,8427653,155,0.5866076369673492,1e-20,0.24466571834992887,0.2586605080831409,0.9674124800755652,0.19662921348314608,0.20224719101123595,0.9613603654339529,0.162016201620162,1e-20,1e-20,0.011764705882352941,0.06299212598425197,1e-20,0.07692307692307693,0.045454545454545456
Vehicle_11,8427653,156,0.7014019951469399,0.038461538461538464,0.13342696629213482,0.1547085201793722,0.9674124800755652,0.2664015904572565,0.326007326007326,0.9613603654339529,0.2180232558139535,1e-20,0.14285714285714285,0.125,0.21678321678321677,1e-20,0.1,0.08888888888888889
Vehicle_11,8427653,157,0.7014019951469399,0.21428571428571427,0.0683453237410072,0.06497175141242938,0.9674124800755652,0.15173172072567345,0.15928369462770972,0.9613603654339529,0.10518934081346423,1e-20,0.012048192771084338,0.06060606060606061,0.052434456928838954,1e-20,0.0091324200913242,0.007481296758104738
Vehicle_11,8427653,158,0.7014019951469399,0.1568627450980392,0.1794871794871795,0.1919191919191919,0.9674124800755652,0.14545454545454545,0.14462081128747795,0.9613603654339529,0.17272727272727273,1e-20,0.04807692307692308,0.05172413793103448,0.08629441624365482,0.024390243902439025,0.034482758620689655,0.02040816326530612
Vehicle_11,8427653,159,0.7014019951469399,0.15151515151515152,0.3402835696413678,0.37365269461077844,0.9674124800755652,0.33152173913043476,0.35224586288416077,0.9613603654339529,0.30338983050847457,1e-20,0.14563106796116504,0.021505376344086023,0.060714285714285714,0.08333333333333333,0.2,0.171990171990172
Vehicle_11,8427653,160,0.7014019951469399,0.08928571428571429,0.3402835696413678,0.37365269461077844,0.9674124800755652,0.20305980528511822,0.21345707656612528,0.9613603654339529,0.30338983050847457,1e-20,0.27419354838709675,0.041666666666666664,0.23699421965317918,1e-20,0.015957446808510637,0.02127659574468085
Vehicle_11,8427653,161,0.7014019951469399,0.10714285714285714,0.3402835696413678,0.37365269461077844,0.9674124800755652,0.3154639175257732,0.3333333333333333,0.9613603654339529,0.30338983050847457,1e-20,0.18461538461538463,1e-20,0.10396039603960396,1e-20,0.058823529411764705,0.09183673469387756
Vehicle_11,8427653,162,0.7014019951469399,0.1125,0.3402835696413678,0.37365269461077844,0.9674124800755652,0.23086574654956085,0.23788546255506607,0.9613603654339529,0.21525423728813559,1e-20,0.11409395973154363,0.05405405405405406,0.07863501483679525,1e-20,0.03018867924528302,0.03015075376884422
Vehicle_11,8427653,163,0.14491776759234296,0.04477611940298507,0.13678065054211844,0.14610778443113773,0.9674124800755652,0.12138728323699421,0.11961722488038277,0.9613603654339529,0.0995260663507109,1e-20,0.019417475728155338,0.043010752688172046,0.09302325581395349,0.020833333333333332,0.1111111111111111,0.1
Vehicle_11,8427653,164,0.4921711899791232,0.09375,0.1523972602739726,0.16209476309226933,0.9674124800755652,0.2504378283712785,0.23370429252782193,0.9613603654339529,0.1958174904942966,1e-20,0.18181818181818182,0.3333333333333333,0.1782178217821782,1e-20,0.0847457627118644,0.09268292682926829
Vehicle_11,8427653,165,0.6160929620697215,0.15853658536585366,0.3268156424581006,0.3497942386831276,0.9674124800755652,0.1329479768786127,0.1467304625199362,0.9613603654339529,0.15880503144654087,1e-20,0.125,1e-20,0.16853932584269662,1e-20,0.12612612612612611,0.09045226130653267
Vehicle_11,8427653,166,0.6160929620697215,0.26595744680851063,0.2303370786516854,0.21235521235521235,0.9674124800755652,0.23559322033898306,0.2563291139240506,0.9613603654339529,0.08447488584474885,1e-20,0.10160427807486631,0.0641025641025641,0.2066869300911854,0.06666666666666667,0.0847457627118644,0.09268292682926829
Vehicle_11,8427653,167,0.19206314404735803,0.1111111111111111,0.25448028673835127,0.26424870466321243,0.9674124800755652,0.0967741935483871,0.10139860139860139,0.9613603654339529,0.1826086956521739,1e-20,0.10526315789473684,0.015873015873015872,0.06127167630057803,0.025,0.02702702702702703,0.020100502512562814
Vehicle_11,8427653,168,0.1914775871610404,0.21052631578947367,0.13678065054211844,0.14610778443113773,0.9674124800755652,0.18823529411764706,0.1956521739130435,0.9613603654339529,0.1184,1e-20,0.03007518796992481,0.03529411764705882,0.034334763948497854,0.023809523809523808,0.08695652173913043,0.05405405405405406
Vehicle_11,8427653,169,0.4921711899791232,0.17333333333333334,0.1523972602739726,0.16209476309226933,0.9674124800755652,0.24123711340206186,0.23711340206185566,0.9613603654339529,0.14249363867684478,1e-20,0.18181818181818182,0.047619047619047616,0.19662921348314608,0.2222222222222222,0.08108108108108109,0.0975609756097561
Vehicle_11,8427653,170,0.6160929620697215,0.2719298245614035,0.18435754189944134,0.19753086419753085,0.9674124800755652,0.2465483234714004,0.2635135135135135,0.9613603654339529,0.1278538812785388,1e-20,0.025,0.058823529411764705,0.148,1e-20,0.04938271604938271,0.023809523809523808
Vehicle_11,8427653,171,0.6160929620697215,0.1984126984126984,0.12884615384615383,0.1282798833819242,0.9674124800755652,0.3154639175257732,0.3333333333333333,0.9613603654339529,0.13504823151125403,1e-20,0.040983606557377046,0.08791208791208792,0.036211699164345405,0.05454545454545454,0.09473684210526316,0.08074534161490683
Vehicle_11,8427653,172,0.6160929620697215,0.20408163265306123,0.25,0.29891304347826086,0.9674124800755652,0.23086574654956085,0.23788546255506607,0.9613603654339529,0.1305732484076433,1e-20,0.0196078431372549,0.010752688172043012,0.09302325581395349,1e-20,0.08484848484848485,0.08208955223880597
Vehicle_11,8427653,173,0.6160929620697215,0.19402985074626866,0.24372759856630824,0.25906735751295334,0.9674124800755652,0.2906688687035508,0.3094098883572568,0.9613603654339529,0.13478260869565217,1e-20,1e-20,1e-20,0.1782178217821782,1e-20,0.18018018018018017,0.1507537688442211
Vehicle_11,8427653,174,0.6160929620697215,0.18518518518518517,0.1523972602739726,0.16209476309226933,0.9674124800755652,0.3123973727422003,0.3247058823529412,0.9613603654339529,0.1958174904942966,1e-20,0.16666666666666666,1e-20,0.19662921348314608,1e-20,0.24150943396226415,0.2145922746781116
Vehicle_11,8427653,175,0.6160929620697215,0.14035087719298245,0.3268156424581006,0.3497942386831276,0.9674124800755652,0.3123973727422003,0.3247058823529412,0.9613603654339529,0.2531446540880503,1e-20,0.017964071856287425,0.007246376811594203,0.22505800464037123,0.029411764705882353,0.24150943396226415,0.2145922746781116
Vehicle_11,8427653,176,0.6160929620697215,0.26595744680851063,0.3146067415730337,0.3166023166023166,0.9674124800755652,0.14573070607553365,0.156078431372549,0.9613603654339529,0.2531446540880503,1e-20,0.11538461538461539,0.07692307692307693,0.10208816705336426,0.05263157894736842,0.07547169811320754,0.07081545064377683
Vehicle_11,8427653,177,0.6160929620697215,0.24691358024691357,0.3163841807909605,0.3508771929824561,0.9674124800755652,0.14623467600700527,0.1573926868044515,0.9613603654339529,0.2531446540880503,1e-20,0.07692307692307693,0.12280701754385964,0.13221884498480244,0.08108108108108109,0.11016949152542373,0.09268292682926829
Vehicle_11,8427653,178,0.6160929620697215,0.06060606060606061,0.3268156424581006,0.3497942386831276,0.9674124800755652,0.3782312925170068,0.37585421412300685,0.9613603654339529,0.15880503144654087,1e-20,0.05555555555555555,0.06666666666666667,0.18397626112759644,1e-20,0.15425531914893617,0.18888888888888888
Vehicle_11,8427653,179,0.6160929620697215,0.21052631578947367,0.2303370786516854,0.21235521235521235,0.9674124800755652,0.35131744040150564,0.34801762114537443,0.9613603654339529,0.1278538812785388,1e-20,0.04938271604938271,0.01694915254237288,0.08670520231213873,1e-20,0.17553191489361702,0.1388888888888889
Vehicle_11,8427653,180,0.19206314404735803,0.05333333333333334,0.25448028673835127,0.26424870466321243,0.9674124800755652,0.07425742574257425,0.06531531531531531,0.9613603654339529,0.15434083601286175,1e-20,0.16216216216216217,1e-20,0.0593607305936073,1e-20,0.010050251256281407,0.006134969325153374
Vehicle_11,8427653,181,0.1914775871610404,0.12,0.3402835696413678,0.37365269461077844,0.9674124800755652,0.2,0.1888412017167382,0.9613603654339529,0.19083969465648856,1e-20,0.18461538461538463,1e-20,0.15498154981549817,1e-20,0.038461538461538464,0.022222222222222223
Vehicle_11,8427653,182,0.4921711899791232,0.20754716981132076,0.07923269391159299,0.08742514970059881,0.9674124800755652,0.35568993952721273,0.36757775683317623,0.9613603654339529,0.1430817610062893,1e-20,0.04697986577181208,0.05128205128205128,0.1393188854489164,0.016666666666666666,0.15028901734104047,0.1636904761904762
Vehicle_11,8427653,183,0.19206314404735803,0.15254237288135594,0.1834862385321101,0.19491525423728814,0.9674124800755652,0.35568993952721273,0.36757775683317623,0.9613603654339529,0.17197452229299362,1e-20,0.054945054945054944,0.078125,0.0944558521560575,1e-20,0.1773049645390071,0.14785992217898833
Vehicle_11,8427653,184,0.1914775871610404,0.1702127659574468,0.2852664576802508,0.3101851851851852,0.9674124800755652,0.15173172072567345,0.15928369462770972,0.9613603654339529,0.19011406844106463,1e-20,0.1016949152542373,1e-20,0.1566265060240964,0.1111111111111111,0.10810810810810811,0.12096774193548387
Vehicle_11,8427653,185,0.24739039665970772,0.18518518518518517,0.23203592814371257,0.2610619469026549,0.9674124800755652,0.24343434343434345,0.25573192239858905,0.9613603654339529,0.17197452229299362,1e-20,0.12121212121212122,1e-20,0.10555555555555556,0.0625,0.07272727272727272,0.07575757575757576
Vehicle_11,8427653,186,0.5866076369673492,0.10909090909090909,0.2713178294573643,0.2968036529680365,0.9674124800755652,0.0854788877445932,0.09854014598540146,0.9613603654339529,0.15399239543726237,1e-20,0.05309734513274336,0.043478260869565216,0.026462395543175487,0.045454545454545456,1e-20,0.011049723756906077
Vehicle_11,8427653,187,0.7014019951469399,0.18421052631578946,0.3402835696413678,0.37365269461077844,0.9674124800755652,0.18309859154929578,0.19327731092436976,0.9613603654339529,0.17026378896882494,1e-20,0.125,0.1,0.09352517985611511,0.2,0.1111111111111111,0.05714285714285714
Vehicle_11,8427653,188,0.14491776759234296,0.19753086419753085,0.13678065054211844,0.14610778443113773,0.9674124800755652,0.16111611161116113,0.16018662519440124,0.9613603654339529,0.1135593220338983,1e-20,0.02127659574468085,1e-20,0.05489260143198091,1e-20,0.07526881720430108,0.08670520231213873
Vehicle_11,8427653,189,0.4921711899791232,0.21212121212121213,0.2465753424657534,0.2518703241895262,0.9674124800755652,0.08559782608695653,0.09692671394799054,0.9613603654339529,0.1305732484076433,1e-20,0.11403508771929824,0.0641025641025641,0.10020040080160321,0.06666666666666667,0.016666666666666666,0.0136986301369863
Vehicle_11,8427653,190,0.19206314404735803,0.1958762886597938,0.2673076923076923,0.27696793002915454,0.9674124800755652,0.030864197530864196,0.03435114503816794,0.9613603654339529,0.1826086956521739,1e-20,0.10526315789473684,0.015873015873015872,0.08442776735459662,0.025,1e-20,1e-20
Vehicle_11,8427653,191,0.5866076369673492,0.13513513513513514,0.3402835696413678,0.37365269461077844,0.9674124800755652,0.23529411764705882,0.2246376811594203,0.9613603654339529,0.2288,1e-20,0.06015037593984962,0.047058823529411764,0.02145922746781116,1e-20,0.043478260869565216,0.02702702702702703
Vehicle_11,8427653,192,0.14491776759234296,0.023809523809523808,0.042535446205170975,0.033532934131736525,0.9674124800755652,0.24472573839662448,0.24641148325358853,0.9613603654339529,0.020338983050847456,1e-20,0.016129032258064516,0.08333333333333333,0.23699421965317918,1e-20,0.02247191011235955,0.021352313167259787
Vehicle_11,8427653,193,0.4921711899791232,0.25,0.14342629482071714,0.16666666666666666,0.9674124800755652,0.2647058823529412,0.27056962025316456,0.9613603654339529,0.20353982300884957,1e-20,0.018518518518518517,1e-20,0.1188118811881188,0.05,0.1,0.07142857142857142
Vehicle_11,8427653,194,0.6160929620697215,0.1919191919191919,0.1822429906542056,0.1875,0.9674124800755652,0.2727272727272727,0.28149300155520995,0.9613603654339529,0.1263537906137184,1e-20,0.07407407407407407,0.03508771929824561,0.12277580071174377,0.05405405405405406,0.05084745762711865,0.04504504504504504
Vehicle_11,8427653,195,0.19206314404735803,0.23214285714285715,0.2673076923076923,0.27696793002915454,0.9674124800755652,0.2647058823529412,0.27056962025316456,0.9613603654339529,0.21221864951768488,1e-20,0.08666666666666667,0.014492753623188406,0.05628517823639775,1e-20,0.03289473684210526,0.04608294930875576
Vehicle_11,8427653,196,0.5866076369673492,0.10526315789473684,0.3402835696413678,0.37365269461077844,0.9674124800755652,0.2727272727272727,0.28149300155520995,0.9613603654339529,0.30338983050847457,1e-20,0.27419354838709675,0.041666666666666664,0.19736842105263158,1e-20,0.0967741935483871,0.09248554913294797
Vehicle_11,8427653,197,0.7014019951469399,0.125,0.3402835696413678,0.37365269461077844,0.9674124800755652,0.0748663101604278,0.0759493670886076,0.9613603654339529,0.13728813559322034,1e-20,0.15384615384615385,1e-20,0.04455445544554455,1e-20,0.010526315789473684,0.012422360248447204
Vehicle_11,8427653,198,0.14491776759234296,0.20454545454545456,0.058381984987489574,0.059880239520958084,0.9674124800755652,0.2449438202247191,0.22746781115879827,0.9613603654339529,0.14249363867684478,1e-20,0.07537688442211055,0.06756756756756757,0.17721518987341772,0.08620689655172414,0.038461538461538464,0.022222222222222223
Vehicle_11,8427653,199,0.4921711899791232,0.21052631578947367,0.25,0.29891304347826086,0.9674124800755652,0.14545454545454545,0.14462081128747795,0.9613603654339529,0.1278538812785388,1e-20,0.07236842105263158,0.05128205128205128,0.09107142857142857,0.016666666666666666,0.038461538461538464,0.04597701149425287
Vehicle_11,8427653,200,0.6160929620697215,0.11842105263157894,0.24372759856630824,0.25906735751295334,0.9674124800755652,0.33152173913043476,0.35224586288416077,0.9613603654339529,0.13504823151125403,1e-20,0.06,1e-20,0.1008174386920981,0.03125,0.22424242424242424,0.2313167259786477
Vehicle_11,8427653,201,0.19206314404735803,0.15151515151515152,0.2465753424657534,0.2518703241895262,0.9674124800755652,0.20305980528511822,0.21345707656612528,0.9613603654339529,0.1592356687898089,1e-20,0.15151515151515152,1e-20,0.23699421965317918,1e-20,0.044444444444444446,0.05405405405405406
Vehicle_11,8427653,202,0.5866076369673492,0.14285714285714285,0.1326923076923077,0.13994169096209913,0.9674124800755652,0.20412371134020618,0.1958762886597938,0.9613603654339529,0.15434083601286175,1e-20,0.17142857142857143,1e-20,0.14356435643564355,1e-20,0.07368421052631578,0.062111801242236024
Vehicle_11,8427653,203,0.7014019951469399,0.22857142857142856,0.2465753424657534,0.2518703241895262,0.9674124800755652,0.23908918406072105,0.3006993006993007,0.9613603654339529,0.21882951653944022,1e-20,0.07236842105263158,0.03571428571428571,0.20346820809248556,1e-20,0.12222222222222222,0.07857142857142857
Vehicle_11,8427653,204,0.14491776759234296,0.2018348623853211,0.12884615384615383,0.1282798833819242,0.9674124800755652,0.15586690017513136,0.17329093799682035,0.9613603654339529,0.1510791366906475,1e-20,0.02666666666666667,1e-20,0.027842227378190254,0.03125,0.07291666666666667,0.08496732026143791
Vehicle_11,8427653,205,0.4921711899791232,0.208955223880597,0.28125,0.2717391304347826,0.9674124800755652,0.3254950495049505,0.35135135135135137,0.9613603654339529,0.1624203821656051,1e-20,0.25925925925925924,0.375,0.3561643835616438,1e-20,0.23030303030303031,0.20522388059701493
Vehicle_11,8427653,206,0.19206314404735803,0.19090909090909092,0.2344632768361582,0.2412280701754386,0.9674124800755652,0.3782312925170068,0.37585421412300685,0.9613603654339529,0.13616071428571427,1e-20,0.027777777777777776,0.04,0.21476510067114093,0.2,0.17553191489361702,0.1388888888888889
Vehicle_11,8427653,207,0.5866076369673492,0.23636363636363636,0.2673076923076923,0.27696793002915454,0.9674124800755652,0.35131744040150564,0.34801762114537443,0.9613603654339529,0.17026378896882494,1e-20,0.09183673469387756,0.043010752688172046,0.018497109826589597,0.020833333333333332,0.18592964824120603,0.20552147239263804
Vehicle_11,8427653,208,0.14491776759234296,0.17272727272727273,0.13678065054211844,0.14610778443113773,0.9674124800755652,0.23267326732673269,0.24324324324324326,0.9613603654339529,0.13728813559322034,1e-20,0.16666666666666666,0.047619047619047616,0.0660377358490566,0.2222222222222222,0.03018867924528302,0.03015075376884422
Vehicle_11,8427653,209,0.4921711899791232,0.25,0.2465753424657534,0.2518703241895262,0.9674124800755652,0.1329479768786127,0.1467304625199362,0.9613603654339529,0.21882951653944022,1e-20,0.08163265306122448,0.11764705882352941,0.10948905109489052,0.21428571428571427,0.12222222222222222,0.07857142857142857
Vehicle_11,8427653,210,0.19206314404735803,0.2446043165467626,0.12884615384615383,0.1282798833819242,0.9674124800755652,0.23559322033898306,0.2563291139240506,0.9613603654339529,0.22062350119904076,1e-20,0.05921052631578947,0.013157894736842105,0.0729483282674772,0.07142857142857142,0.125,0.12418300653594772
Vehicle_11,8427653,211,0.5866076369673492,0.07913669064748201,0.28125,0.2717391304347826,0.9674124800755652,0.3111954459203036,0.2902097902097902,0.9613603654339529,0.19083969465648856,1e-20,0.04672897196261682,0.043478260869565216,0.16666666666666666,0.022727272727272728,0.23333333333333334,0.20714285714285716
Vehicle_11,8427653,212,0.14491776759234296,0.16666666666666666,0.3163841807909605,0.3508771929824561,0.9674124800755652,0.14573070607553365,0.156078431372549,0.9613603654339529,0.2531446540880503,1e-20,0.22580645161290322,0.09090909090909091,0.2168141592920354,0.07142857142857142,0.07547169811320754,0.07081545064377683
Vehicle_11,8427653,213,0.4921711899791232,0.2878787878787879,0.3268156424581006,0.3497942386831276,0.9674124800755652,0.15586690017513136,0.17329093799682035,0.9613603654339529,0.15880503144654087,1e-20,0.061224489795918366,0.037037037037037035,0.17548746518105848,0.045454545454545456,0.11016949152542373,0.09268292682926829
Vehicle_11,8427653,214,0.6160929620697215,0.19696969696969696,0.2303370786516854,0.21235521235521235,0.9674124800755652,0.3254950495049505,0.35135135135135137,0.9613603654339529,0.1278538812785388,1e-20,0.03571428571428571,0.07142857142857142,0.08670520231213873,1e-20,0.17553191489361702,0.1388888888888889
Vehicle_11,8427653,215,0.19206314404735803,0.12903225806451613,0.25448028673835127,0.26424870466321243,0.9674124800755652,0.3782312925170068,0.37585421412300685,0.9613603654339529,0.21221864951768488,1e-20,0.12903225806451613,0.1,0.3561643835616438,0.2,0.18592964824120603,0.20552147239263804
Vehicle_11,8427653,216,0.5866076369673492,0.23636363636363636,0.3402835696413678,0.37365269461077844,0.9674124800755652,0.2120451693851945,0.22246696035242292,0.9613603654339529,0.30338983050847457,1e-20,0.0851063829787234,0.15384615384615385,0.07718120805369127,0.18181818181818182,0.06792452830188679,0.0678391959798995
Vehicle_11,8427653,217,0.14491776759234296,0.15178571428571427,0.3402835696413678,0.37365269461077844,0.9674124800755652,0.1566156615661566,0.15863141524105753,0.9613603654339529,0.13728813559322034,1e-20,0.022058823529411766,0.15079365079365079,0.18327402135231316,0.11666666666666667,0.08602150537634409,0.08092485549132948
Vehicle_11,8427653,218,0.4921711899791232,0.18309859154929578,0.07923269391159299,0.08742514970059881,0.9674124800755652,0.3161688980432544,0.30474452554744524,0.9613603654339529,0.15521628498727735,1e-20,0.029411764705882353,0.043010752688172046,0.005571030640668524,0.020833333333333332,0.07246376811594203,0.06722689075630252
Vehicle_11,8427653,219,0.6160929620697215,0.21428571428571427,0.1834862385321101,0.19491525423728814,0.9674124800755652,0.07641561297416163,0.08388312912346843,0.9613603654339529,0.12101910828025478,1e-20,0.06666666666666667,1e-20,0.06666666666666667,0.1111111111111111,0.02127659574468085,0.019455252918287938
Vehicle_11,8427653,220,0.6160929620697215,0.13953488372093023,0.28213166144200624,0.3194444444444444,0.9674124800755652,0.2883435582822086,0.2826086956521739,0.9613603654339529,0.2288,1e-20,0.18461538461538463,0.125,0.0967741935483871,0.1875,0.10204081632653061,0.0989010989010989
Vehicle_11,8427653,221,0.6160929620697215,0.17105263157894737,0.3402835696413678,0.37365269461077844,0.9674124800755652,0.35161744022503516,0.37320574162679426,0.9613603654339529,0.30338983050847457,1e-20,0.11409395973154363,0.05405405405405406,0.10220440881763528,1e-20,0.20224719101123595,0.19572953736654805
Vehicle_11,8427653,222,0.6160929620697215,0.1,0.3402835696413678,0.37365269461077844,0.9674124800755652,0.33152173913043476,0.35224586288416077,0.9613603654339529,0.30338983050847457,1e-20,0.14563106796116504,0.021505376344086023,0.1008174386920981,0.08333333333333333,0.2,0.171990171990172
Vehicle_11,8427653,223,0.19206314404735803,0.13953488372093023,0.3402835696413678,0.37365269461077844,0.9674124800755652,0.21557719054242003,0.20417633410672853,0.9613603654339529,0.13728813559322034,1e-20,0.27419354838709675,0.25,0.12716763005780346,0.3,0.06382978723404255,0.05673758865248227
Vehicle_11,8427653,224,0.1914775871610404,0.06578947368421052,0.1542952460383653,0.15449101796407186,0.9674124800755652,0.20278330019880716,0.18681318681318682,0.9613603654339529,0.21882951653944022,1e-20,0.12307692307692308,0.1111111111111111,0.07357859531772576,1e-20,0.027777777777777776,0.02857142857142857
Vehicle_11,8427653,225,0.24739039665970772,0.10714285714285714,0.1437125748502994,0.168141592920354,0.9674124800755652,0.3006535947712418,0.28063241106719367,0.9613603654339529,0.17026378896882494,1e-20,0.1317365269461078,0.05194805194805195,0.14392059553349876,0.06976744186046512,0.1,0.13725490196078433
Vehicle_11,8427653,226,0.1914775871610404,0.0851063829787234,0.23655913978494625,0.19938650306748465,0.9674124800755652,0.3732876712328767,0.38338658146964855,0.9613603654339529,0.21525423728813559,1e-20,0.06451612903225806,0.04,0.15234375,0.034482758620689655,0.20202020202020202,0.15121951219512195
Vehicle_11,8427653,227,0.24739039665970772,0.09375,0.26264044943820225,0.2757847533632287,0.9674124800755652,0.3451178451178451,0.34627831715210355,0.9613603654339529,0.22432859399684044,1e-20,0.04132231404958678,0.013888888888888888,0.03579952267303103,0.03225806451612903,0.062146892655367235,0.052307692307692305
Vehicle_11,8427653,228,0.5866076369673492,0.203125,0.24466571834992887,0.2586605080831409,0.9674124800755652,0.23244147157190637,0.2616822429906542,0.9613603654339529,0.112,1e-20,0.26785714285714285,0.08333333333333333,0.15384615384615385,1e-20,0.1917808219178082,0.22058823529411764
Vehicle_11,8427653,229,0.7014019951469399,0.0625,0.26264044943820225,0.2757847533632287,0.9674124800755652,0.19672131147540983,0.18487394957983194,0.9613603654339529,0.22629969418960244,1e-20,1e-20,0.0625,0.11224489795918367,1e-20,0.025423728813559324,0.022123893805309734
Vehicle_11,8427653,230,0.7014019951469399,1e-20,0.16927453769559034,0.17551963048498845,0.9674124800755652,0.06134969325153374,0.057971014492753624,0.9613603654339529,0.2756598240469208,1e-20,0.06796116504854369,0.12643678160919541,0.08392857142857142,0.0847457627118644,1e-20,0.010101010101010102
Vehicle_11,8427653,231,0.7014019951469399,1e-20,0.16279069767441862,0.16210045662100456,0.9674124800755652,0.18803418803418803,0.1889763779527559,0.9613603654339529,0.1332133213321332,1e-20,0.1048951048951049,0.06521739130434782,0.13883677298311445,0.17647058823529413,0.041666666666666664,0.07142857142857142
Vehicle_11,8427653,232,0.7014019951469399,1e-20,0.2465753424657534,0.2518703241895262,0.9674124800755652,0.21505376344086022,0.2,0.9613603654339529,0.19011406844106463,1e-20,0.07236842105263158,0.10309278350515463,0.03137651821862348,0.06779661016949153,0.09210526315789473,0.06349206349206349
Vehicle_11,8427653,233,0.7014019951469399,1e-20,0.07692307692307693,0.08746355685131195,0.9674124800755652,0.22109826589595374,0.20124804992199688,0.03863963456604718,0.07218683651804671,1e-20,0.02666666666666667,0.043010752688172046,0.19622641509433963,0.020833333333333332,0.10843373493975904,0.09090909090909091
Vehicle_11,8427653,234,0.14491776759234296,0.08333333333333333,0.10756972111553785,0.12179487179487179,0.9674124800755652,0.1116751269035533,0.06438896189224705,0.1792717086834734,0.1434108527131783,1e-20,0.18181818181818182,0.25,0.12415349887133183,0.14285714285714285,0.03208556149732621,0.05555555555555555
Vehicle_11,8427653,235,0.4921711899791232,0.1038961038961039,0.2076271186440678,0.22758620689655173,0.9674124800755652,0.10363636363636364,0.09230769230769231,0.19910657306955967,0.13478260869565217,1e-20,0.05263157894736842,1e-20,0.14468085106382977,1e-20,0.09722222222222222,0.0979020979020979
Vehicle_11,8427653,236,0.19206314404735803,0.15254237288135594,0.1523972602739726,0.16209476309226933,0.9674124800755652,0.2926391382405745,0.27177700348432055,0.8207282913165266,0.1958174904942966,1e-20,0.09210526315789473,0.046875,0.30131004366812225,0.06976744186046512,0.2727272727272727,0.26865671641791045
Vehicle_11,8427653,237,0.5866076369673492,0.11235955056179775,0.3268156424581006,0.3497942386831276,0.9674124800755652,0.06711409395973154,0.03691275167785235,0.04145256331534326,0.2531446540880503,1e-20,0.04285714285714286,0.07142857142857142,0.013416387158600862,1e-20,0.010638297872340425,0.02127659574468085
Vehicle_11,8427653,238,0.7014019951469399,0.018518518518518517,0.2303370786516854,0.21235521235521235,0.9674124800755652,0.2381818181818182,0.23461538461538461,0.8008934269304403,0.1430817610062893,1e-20,0.14285714285714285,0.2,0.16,0.1,0.02702702702702703,0.049079754601226995
Vehicle_11,8427653,239,0.7014019951469399,1e-20,0.17562724014336917,0.18652849740932642,0.9674124800755652,0.19183673469387755,0.1911532385466035,0.9613603654339529,0.11040339702760085,1e-20,1e-20,1e-20,0.11332007952286283,1e-20,0.046153846153846156,0.03669724770642202
Vehicle_11,8427653,240,0.7014019951469399,0.18181818181818182,0.3119266055045872,0.3220338983050847,0.9674124800755652,0.15586690017513136,0.17329093799682035,0.9613603654339529,0.2180232558139535,1e-20,0.1317365269461078,0.03773584905660377,0.13221884498480244,0.06557377049180328,0.05555555555555555,0.08421052631578947
Vehicle_11,8427653,241,0.7014019951469399,0.29411764705882354,0.3237250554323725,0.3433333333333333,0.9674124800755652,0.19801980198019803,0.20945945945945946,0.9613603654339529,0.2061711079943899,1e-20,0.053763440860215055,0.030927835051546393,0.13501483679525222,0.06153846153846154,0.01858736059479554,0.026634382566585957
Vehicle_11,8427653,242,0.7014019951469399,0.08333333333333333,0.1935483870967742,0.2116564417177914,0.9674124800755652,0.16111611161116113,0.16018662519440124,0.9613603654339529,0.15689149560117302,1e-20,0.018691588785046728,0.06060606060606061,0.06517311608961303,1e-20,0.09259259259259259,0.09734513274336283
Vehicle_11,8427653,243,0.7014019951469399,0.013157894736842105,0.2713178294573643,0.2968036529680365,0.9674124800755652,0.08559782608695653,0.09692671394799054,0.9613603654339529,0.2736,1e-20,0.22033898305084745,0.20833333333333334,0.06936416184971098,0.2,0.014598540145985401,0.01195219123505976
Vehicle_11,8427653,244,0.7014019951469399,0.1111111111111111,0.3402835696413678,0.37365269461077844,0.9674124800755652,0.19547325102880658,0.21374045801526717,0.9613603654339529,0.22432859399684044,1e-20,0.18461538461538463,0.14814814814814814,0.1348314606741573,0.13333333333333333,0.02702702702702703,0.04918032786885246
Vehicle_11,8427653,245,0.7014019951469399,0.10344827586206896,0.3402835696413678,0.37365269461077844,0.9674124800755652,0.08143607705779335,0.07790143084260731,0.9613603654339529,0.2736,1e-20,0.053691275167785234,0.09278350515463918,0.09422492401215805,0.06779661016949153,0.03125,0.0196078431372549
Vehicle_11,8427653,246,0.7014019951469399,0.034482758620689655,0.3402835696413678,0.37365269461077844,0.9674124800755652,0.2053388090349076,0.212,0.9613603654339529,0.31437598736176936,1e-20,0.109375,0.043859649122807015,0.11491442542787286,0.037037037037037035,1e-20,0.058823529411764705
Vehicle_11,8427653,247,0.7014019951469399,0.1111111111111111,0.13678065054211844,0.14610778443113773,0.9674124800755652,0.19183673469387755,0.1911532385466035,0.9613603654339529,0.1332133213321332,1e-20,0.020134228187919462,0.019801980198019802,0.21403508771929824,0.038461538461538464,0.13131313131313133,0.09230769230769231
Vehicle_11,8427653,248,0.14491776759234296,0.23958333333333334,0.2465753424657534,0.2518703241895262,0.9674124800755652,0.2504378283712785,0.23370429252782193,0.9613603654339529,0.19011406844106463,1e-20,0.022988505747126436,0.021739130434782608,0.05336426914153132,0.022727272727272728,0.0847457627118644,0.09268292682926829
Vehicle_11,8427653,249,0.24739039665970772,0.08139534883720931,0.17884615384615385,0.19533527696793002,0.9674124800755652,0.12138728323699421,0.11961722488038277,0.9613603654339529,0.11040339702760085,1e-20,0.16216216216216217,1e-20,0.19210526315789472,0.1111111111111111,0.02702702702702703,0.02512562814070352
Vehicle_11,8427653,250,0.1914775871610404,0.14893617021276595,0.23203592814371257,0.2610619469026549,0.9674124800755652,0.14623467600700527,0.1573926868044515,0.9613603654339529,0.10755813953488372,1e-20,0.043478260869565216,0.04,0.13509749303621169,1e-20,0.07407407407407407,0.06315789473684211
Vehicle_11,8427653,251,0.24739039665970772,1e-20,0.13333333333333333,0.15296803652968036,0.9674124800755652,0.06938775510204082,0.08428246013667426,0.9613603654339529,0.24848484848484848,1e-20,0.04827586206896552,0.05172413793103448,0.16765578635014836,0.024390243902439025,1e-20,1e-20
Vehicle_11,8427653,252,0.5866076369673492,0.03333333333333333,0.15902140672782875,0.1483050847457627,0.9674124800755652,0.046948356807511735,0.04838709677419355,0.9613603654339529,0.22432859399684044,1e-20,1e-20,1e-20,0.002967359050445104,0.020833333333333332,1e-20,0.027777777777777776
Vehicle_11,8427653,253,0.7014019951469399,0.14285714285714285,0.06303724928366762,0.043668122270742356,0.9674124800755652,0.1165644171779141,0.06329113924050633,0.9613603654339529,0.2736,1e-20,0.09523809523809523,1e-20,1e-20,1e-20,1e-20,1e-20
Vehicle_11,8427653,254,0.7014019951469399,0.25,0.14375,0.07407407407407407,0.9674124800755652,0.15286624203821655,0.18823529411764706,0.9613603654339529,0.04897314375987362,1e-20,0.013333333333333334,1e-20,1e-20,0.047619047619047616,0.18181818181818182,0.10344827586206896
Vehicle_11,8427653,255,0.7014019951469399,0.4,0.07163323782234957,0.08247422680412371,0.9674124800755652,0.13164556962025317,0.12962962962962962,0.9613603654339529,0.027777777777777776,1e-20,0.03571428571428571,1e-20,0.046511627906976744,1e-20,0.17073170731707318,0.13622291021671826
Vehicle_11,8427653,256,0.013211108115394984,1e-20,0.1893491124260355,0.23529411764705882,0.9674124800755652,0.07106598984771574,0.07142857142857142,0.9613603654339529,0.06172839506172839,1e-20,0.017241379310344827,1e-20,0.07317073170731707,0.1111111111111111,0.0136986301369863,0.023346303501945526
Vehicle_11,8427653,257,0.1334841628959276,0.08333333333333333,0.08294930875576037,0.09829059829059829,0.9674124800755652,0.12738853503184713,0.12941176470588237,0.9613603654339529,0.20967741935483872,1e-20,0.0196078431372549,1e-20,0.11711711711711711,1e-20,1e-20,1e-20
Vehicle_11,8427653,258,0.2903225806451613,1e-20,0.13622291021671826,0.14556962025316456,0.9674124800755652,0.15733333333333333,0.14423076923076922,0.9613603654339529,0.09669211195928754,1e-20,0.09417040358744394,0.07751937984496124,0.05394190871369295,0.0547945205479452,1e-20,0.05263157894736842
Vehicle_11,8427653,259,0.7014019951469399,0.08333333333333333,0.16100178890876565,0.17343173431734318,0.9674124800755652,0.28888888888888886,0.25748502994011974,0.9613603654339529,0.19367588932806323,1e-20,0.07037037037037037,0.045454545454545456,0.06748466257668712,0.028985507246376812,0.015625,0.014388489208633094
Vehicle_11,8427653,260,0.7014019951469399,0.17647058823529413,0.04970178926441352,0.06276150627615062,0.9674124800755652,0.3549180327868853,0.32945091514143093,0.9613603654339529,0.10894941634241245,1e-20,0.08074534161490683,0.014705882352941176,0.05555555555555555,1e-20,1e-20,1e-20
Vehicle_11,8427653,261,0.7014019951469399,1e-20,0.015209125475285171,0.016260162601626018,0.9674124800755652,0.08114754098360656,0.08652246256239601,0.9613603654339529,0.16332378223495703,1e-20,0.159375,0.125,0.18867924528301888,0.14285714285714285,1e-20,1e-20
Vehicle_11,8427653,262,0.7014019951469399,0.1,0.08267716535433071,0.07894736842105263,0.9674124800755652,0.2727272727272727,0.2822085889570552,0.9613603654339529,0.19367588932806323,1e-20,0.0916030534351145,0.06060606060606061,0.12658227848101267,0.04,0.023255813953488372,0.011235955056179775
Vehicle_11,8427653,263,0.7014019951469399,0.15,0.15028901734104047,0.10752688172043011,0.9674124800755652,0.40214477211796246,0.4380952380952381,0.9613603654339529,0.2529182879377432,1e-20,0.06694560669456066,0.07236842105263158,0.13445378151260504,0.07526881720430108,1e-20,1e-20
Vehicle_11,8427653,264,0.7014019951469399,0.16666666666666666,0.19661016949152543,0.22556390977443608,0.9674124800755652,0.2215909090909091,0.270935960591133,0.9613603654339529,0.13564668769716087,1e-20,0.05063291139240506,0.05343511450381679,0.045454545454545456,0.038834951456310676,0.05263157894736842,0.06666666666666667
Vehicle_11,8427653,265,0.7014019951469399,0.17391304347826086,0.2251968503937008,0.1863799283154122,0.9674124800755652,0.3014705882352941,0.3220338983050847,0.9613603654339529,0.2388663967611336,1e-20,0.10614525139664804,0.17391304347826086,0.23684210526315788,0.3684210526315789,0.05405405405405406,0.05263157894736842
Vehicle_11,8427653,266,0.7014019951469399,0.05405405405405406,0.20054945054945056,0.18213058419243985,0.9674124800755652,0.08114754098360656,0.08652246256239601,0.9613603654339529,0.1872,1e-20,0.2,0.15,0.1111111111111111,0.1111111111111111,0.038461538461538464,0.04477611940298507
Vehicle_11,8427653,267,0.14491776759234296,0.12195121951219512,0.11269430051813471,0.08695652173913043,0.9674124800755652,0.24915824915824916,0.2822085889570552,0.9613603654339529,0.18285714285714286,1e-20,0.1274131274131274,0.13836477987421383,0.11827956989247312,0.12380952380952381,0.1111111111111111,0.11235955056179775
Vehicle_11,8427653,268,0.24739039665970772,0.075,0.18669527896995708,0.22699386503067484,0.9674124800755652,0.2527881040892193,0.2702702702702703,0.9613603654339529,0.2165991902834008,1e-20,0.21850393700787402,0.07006369426751592,0.07734806629834254,0.043478260869565216,0.04477611940298507,0.07194244604316546
Vehicle_11,8427653,269,0.5866076369673492,0.21951219512195122,0.2356164383561644,0.20689655172413793,0.9674124800755652,0.2775800711743772,0.281786941580756,0.9613603654339529,0.18285714285714286,1e-20,0.03584672435105068,0.038834951456310676,0.06666666666666667,0.07865168539325842,0.1276595744680851,0.11926605504587157
Vehicle_11,8427653,270,0.7014019951469399,0.2926829268292683,0.24864864864864866,0.23837209302325582,0.9674124800755652,0.3014705882352941,0.3220338983050847,0.9613603654339529,0.2388663967611336,1e-20,0.13020833333333334,0.17391304347826086,0.23684210526315788,0.3684210526315789,0.18604651162790697,0.1724137931034483
Vehicle_11,8427653,271,0.7014019951469399,0.09090909090909091,0.19957081545064378,0.2147239263803681,0.9674124800755652,0.13524590163934427,0.13976705490848584,0.9613603654339529,0.1872,1e-20,0.2524752475247525,0.15,0.1111111111111111,0.1111111111111111,0.04597701149425287,0.03488372093023256
Vehicle_11,8427653,272,0.7014019951469399,0.017241379310344827,0.20054945054945056,0.24742268041237114,0.03258751992443474,0.16370106761565836,0.16838487972508592,0.9613603654339529,0.2761904761904762,1e-20,0.20395550061804696,0.10062893081761007,0.0913978494623656,0.09523809523809523,0.058823529411764705,0.0625
Vehicle_11,8427653,273,0.14491776759234296,0.15384615384615385,0.310828025477707,0.189873417721519,0.8513274336283185,0.20391061452513967,0.2153846153846154,0.9613603654339529,0.13564668769716087,1e-20,0.14002205071664828,0.05343511450381679,0.045454545454545456,0.038834951456310676,1e-20,0.09868421052631579
Vehicle_11,8427653,274,0.24739039665970772,0.20833333333333334,0.1260815822002472,0.12151898734177215,0.9618592351505288,0.2527881040892193,0.2702702702702703,0.9613603654339529,0.2165991902834008,1e-20,0.21768707482993196,0.17391304347826086,0.10526315789473684,0.05263157894736842,0.02631578947368421,0.17333333333333334
Vehicle_11,8427653,275,0.1914775871610404,0.1891891891891892,0.22095671981776766,0.20454545454545456,0.9618592351505288,0.12455516014234876,0.13058419243986255,0.9613603654339529,0.2761904761904762,1e-20,0.17799752781211373,0.08695652173913043,0.12658227848101267,0.1388888888888889,0.034482758620689655,0.04954954954954955
Vehicle_11,8427653,276,0.24739039665970772,0.14893617021276595,0.2116564417177914,0.2222222222222222,0.9618592351505288,0.2215909090909091,0.270935960591133,0.9613603654339529,0.13564668769716087,1e-20,0.1274131274131274,0.08860759493670886,0.09243697478991597,0.08823529411764706,0.02631578947368421,0.054945054945054944
Vehicle_11,8427653,277,0.5866076369673492,0.06557377049180328,0.24864864864864866,0.25252525252525254,0.9618592351505288,0.13602941176470587,0.14576271186440679,0.9613603654339529,0.2165991902834008,1e-20,0.21850393700787402,0.07006369426751592,0.07734806629834254,0.043478260869565216,0.1,0.09195402298850575
Vehicle_11,8427653,278,0.7014019951469399,0.08163265306122448,0.18669527896995708,0.2112676056338028,0.9618592351505288,0.24915824915824916,0.2822085889570552,0.9613603654339529,0.18285714285714286,1e-20,0.07663782447466007,0.019417475728155338,0.006060606060606061,0.011235955056179775,0.0847457627118644,0.08270676691729323
Vehicle_11,8427653,279,0.14491776759234296,0.16901408450704225,0.2356164383561644,0.2617801047120419,0.9618592351505288,0.2527881040892193,0.2702702702702703,0.9613603654339529,0.2165991902834008,1e-20,0.06733167082294264,1e-20,0.034482758620689655,1e-20,0.1590909090909091,0.15343915343915343
Vehicle_11,8427653,280,0.4921711899791232,0.19047619047619047,0.24864864864864866,0.25252525252525254,0.9618592351505288,0.2775800711743772,0.281786941580756,0.9613603654339529,0.18285714285714286,1e-20,0.15476190476190477,0.05,0.0392156862745098,0.037037037037037035,0.09090909090909091,0.07936507936507936
Vehicle_11,8427653,281,0.6160929620697215,0.18666666666666668,0.18669527896995708,0.2112676056338028,0.9618592351505288,0.1488970588235294,0.13559322033898305,0.9613603654339529,0.2165991902834008,1e-20,0.08278145695364239,0.030303030303030304,0.02631578947368421,0.02702702702702703,0.10294117647058823,0.07194244604316546
Vehicle_11,8427653,282,0.6160929620697215,0.14084507042253522,0.1232876712328767,0.13089005235602094,0.9618592351505288,0.16370106761565836,0.16838487972508592,0.9613603654339529,0.2761904761904762,1e-20,0.04239401496259352,0.2,0.20833333333333334,0.058823529411764705,0.01818181818181818,0.05504587155963303
Vehicle_11,8427653,283,0.6160929620697215,0.09090909090909091,0.2558139534883721,0.3047619047619048,0.9618592351505288,0.37988826815642457,0.40512820512820513,0.9613603654339529,0.323869610935857,1e-20,0.20673076923076922,0.30357142857142855,0.05263157894736842,0.4,0.10526315789473684,0.11764705882352941
Vehicle_11,8427653,284,0.19206314404735803,0.09302325581395349,0.0033333333333333335,0.0016666666666666668,0.03814076484947111,0.19839142091152814,0.17142857142857143,0.9613603654339529,0.323869610935857,1e-20,0.01662510390689942,0.13924050632911392,0.09243697478991597,0.13970588235294118,0.002105263157894737,0.0036363636363636364
Vehicle_11,8427653,285,0.5866076369673492,1e-20,0.045454545454545456,1e-20,0.8374371859296482,0.3014705882352941,0.3220338983050847,0.9613603654339529,0.07150368033648791,1e-20,0.05319148936170213,0.07633587786259542,0.06201550387596899,0.1262135922330097,1e-20,1e-20
Vehicle_11,8427653,286,0.7014019951469399,1e-20,0.003484320557491289,0.006993006993006993,0.9674124800755652,0.13442622950819672,0.1314475873544093,0.9613603654339529,0.0830945558739255,1e-20,0.03409090909090909,0.024390243902439025,0.10416666666666667,1e-20,1e-20,1e-20
Vehicle_11,8427653,287,0.7014019951469399,1e-20,0.125,0.15,0.9674124800755652,0.017142857142857144,0.01646090534979424,0.9613603654339529,0.16233766233766234,1e-20,0.08064516129032258,0.08108108108108109,0.027777777777777776,1e-20,1e-20,1e-20
Vehicle_11,8427653,288,0.7014019951469399,1e-20,0.25925925925925924,0.26595744680851063,0.9674124800755652,0.1276595744680851,0.13043478260869565,0.9613603654339529,0.08629441624365482,1e-20,0.02040816326530612,1e-20,0.06451612903225806,1e-20,0.5,0.3333333333333333
Vehicle_11,8427653,289,0.10056619034780265,1e-20,0.06477732793522267,0.05806451612903226,0.9674124800755652,0.17090069284064666,0.1623931623931624,0.9613603654339529,0.07894736842105263,1e-20,0.03125,1e-20,0.07042253521126761,0.1,1e-20,0.045454545454545456
Vehicle_11,8427653,290,0.40562248995983935,0.0038527504916532123,0.11320754716981132,0.10909090909090909,0.9674124800755652,0.09090909090909091,0.08069620253164557,0.9613603654339529,0.18041237113402062,1e-20,0.10843373493975904,0.0425531914893617,0.07425742574257425,0.20833333333333334,1e-20,0.06666666666666667
Vehicle_11,8427653,291,0.20887728459530025,0.3333333333333333,0.0683453237410072,0.06497175141242938,0.9674124800755652,0.2053388090349076,0.212,0.9613603654339529,0.07587548638132295,1e-20,0.05142857142857143,0.02631578947368421,0.11491442542787286,0.043010752688172046,1e-20,0.05454545454545454
Vehicle_11,8427653,292,0.4996825396825397,0.25,0.1794871794871795,0.1919191919191919,0.9674124800755652,0.08734693877551021,0.08214849921011058,0.9613603654339529,0.18681318681318682,1e-20,0.06015037593984962,0.05405405405405406,0.023391812865497075,0.04,0.007462686567164179,0.00411522633744856
Vehicle_11,8427653,293,0.7014019951469399,0.05263157894736842,0.13678065054211844,0.14610778443113773,0.9674124800755652,0.23026315789473684,0.11439114391143912,0.9613603654339529,0.1332133213321332,1e-20,0.03007518796992481,0.03529411764705882,0.18439716312056736,0.023809523809523808,0.12903225806451613,0.14285714285714285
Vehicle_11,8427653,294,0.7014019951469399,0.1282051282051282,0.1523972602739726,0.16209476309226933,0.9674124800755652,0.19807692307692307,0.22317596566523606,0.9613603654339529,0.1958174904942966,1e-20,0.18181818181818182,0.3333333333333333,0.15488215488215487,1e-20,0.0353356890459364,0.04019292604501608
Vehicle_11,8427653,295,0.7014019951469399,0.19008264462809918,0.030726256983240222,0.02880658436213992,0.9674124800755652,0.25471039776692256,0.24522760646108663,0.9613603654339529,0.015723270440251572,1e-20,1e-20,0.038461538461538464,0.23950617283950618,0.09090909090909091,0.11428571428571428,0.11409395973154363
Vehicle_11,8427653,296,0.013211108115394984,0.14736842105263157,0.13924050632911392,0.125,0.9674124800755652,0.15679190751445088,0.14664586583463338,0.9613603654339529,0.11650485436893204,1e-20,0.06862745098039216,0.06666666666666667,0.0785307156428119,1e-20,0.10843373493975904,0.08484848484848485
Vehicle_11,8427653,297,0.12895927601809956,0.03,0.03910614525139665,0.03349282296650718,0.9674124800755652,0.020320855614973262,0.024608501118568233,0.03863963456604718,0.012145748987854251,1e-20,0.013071895424836602,0.010416666666666666,0.09064327485380116,0.016666666666666666,1e-20,0.009584664536741214
Vehicle_11,8427653,298,0.4316353887399464,0.07407407407407407,0.07172995780590717,0.0603448275862069,0.9674124800755652,0.17647058823529413,0.09302325581395349,0.8207282913165266,0.04225352112676056,1e-20,0.047619047619047616,1e-20,0.2088607594936709,1e-20,1e-20,0.03225806451612903
Vehicle_11,8427653,299,0.019676739283204497,0.047619047619047616,0.08664259927797834,0.09285714285714286,0.9674124800755652,0.24060693641618497,0.21766561514195584,0.9585474366846567,0.19607843137254902,1e-20,0.05714285714285714,0.15384615384615385,0.17254901960784313,0.125,1e-20,0.005263157894736842
Vehicle_11,8427653,300,0.2958579881656805,1e-20,0.21362229102167182,0.21656050955414013,0.9674124800755652,0.13398464759246337,0.14215686274509803,0.9585474366846567,0.05737704918032787,1e-20,0.1033434650455927,0.08227848101265822,0.1932059447983015,0.04529616724738676,1e-20,1e-20
Vehicle_11,8427653,301,0.5389696169088507,1e-20,0.22591362126245848,0.20384615384615384,0.9674124800755652,0.08590308370044053,0.07123287671232877,0.9585474366846567,0.13043478260869565,1e-20,0.08620689655172414,0.06557377049180328,0.12839506172839507,0.08984375,1e-20,1e-20
Vehicle_11,8427653,302,0.5443753533069531,1e-20,0.0882936507936508,0.09409190371991247,0.9674124800755652,0.22033898305084745,0.2590909090909091,0.9585474366846567,0.1506849315068493,1e-20,0.1865079365079365,0.0945945945945946,0.05263157894736842,0.05,1e-20,1e-20
Vehicle_11,8427653,303,0.5443753533069531,0.25,0.15704387990762125,0.1695906432748538,0.03258751992443474,0.2138728323699422,0.22342342342342342,0.9585474366846567,0.034782608695652174,1e-20,0.1540880503144654,0.04597701149425287,0.02368421052631579,0.038461538461538464,1e-20,0.15384615384615385
Vehicle_11,8427653,304,0.5443753533069531,1e-20,0.050955414012738856,0.053164556962025315,0.8513274336283185,0.21505376344086022,0.20964749536178107,0.9585474366846567,0.17,1e-20,0.031446540880503145,1e-20,0.15333333333333332,1e-20,1e-20,1e-20
Vehicle_11,8427653,305,0.12945166760881854,1e-20,0.2079207920792079,0.2169811320754717,0.9618592351505288,0.22109826589595374,0.24921135646687698,0.9585474366846567,0.1282051282051282,1e-20,0.10638297872340426,0.03389830508474576,0.09624911535739561,0.1388888888888889,0.3333333333333333,0.5
Vehicle_11,8427653,306,0.25653206650831356,1e-20,0.0972972972972973,0.1111111111111111,0.9618592351505288,0.3052030456852792,0.29570552147239265,0.9585474366846567,0.05128205128205128,0.01229761743092964,0.1188118811881188,0.1,0.30131004366812225,0.12682926829268293,0.375,0.3333333333333333
Vehicle_11,8427653,307,0.6138888888888889,0.14084507042253522,0.2871536523929471,0.19117647058823528,0.9618592351505288,0.4554170661553212,0.4554170661553212,0.9585474366846567,0.3076923076923077,1e-20,0.25157232704402516,0.13333333333333333,0.4551988500239578,0.14245014245014245,0.406494960806271,0.406494960806271
Vehicle_11,8427653,308,0.744270205066345,1e-20,0.22991347342398022,0.22784810126582278,0.9618592351505288,0.005752636625119847,0.0019175455417066154,0.9585474366846567,0.006802721088435374,1e-20,0.22294372294372294,0.02536997885835095,0.006708193579300431,0.014908256880733946,0.016237402015677492,0.027995520716685332
Vehicle_11,8427653,309,0.0024125452352231603,1e-20,0.28535031847133757,0.3,0.9618592351505288,0.08196721311475409,0.10714285714285714,0.9585474366846567,1e-20,1e-20,0.298787210584344,0.03389830508474576,0.021739130434782608,1e-20,0.323943661971831,0.35537190082644626
Vehicle_11,8427653,310,1e-20,1e-20,0.49916666666666665,0.49916666666666665,0.9618592351505288,0.0022675736961451248,0.0024509803921568627,0.9585474366846567,1e-20,1e-20,0.5004156275976724,1e-20,1e-20,1e-20,0.31044776119402984,0.38181818181818183
Vehicle_11,8427653,311,1e-20,0.2459016393442623,,,,,,,,,,,,,,
