vehicle,ride,pos,speed_thr_zero,direction_thr_zero,longitude_abs_thr_zero,longitude_thr_zero,longitude_dir_thr_zero,latitude_abs_thr_zero,latitude_thr_zero,latitude_dir_thr_zero,distance_thr_zero,speed_alternative_thr_zero,x_speed_alternative_thr_zero,x_speed_no_abs_alternative_thr_zero,y_speed_alternative_thr_zero,y_speed_no_abs_alternative_thr_zero,direction_alternative_thr_zero,direction_abs_alternative_thr_zero
Vehicle_4,9532149,0,0.011764705882352941,0.0027624309392265192,0.00398406374501992,0.0020833333333333333,0.5,0.004651162790697674,0.0024875621890547263,0.5,0.0037593984962406013,0.0009505703422053232,0.001142857142857143,0.00078064012490242,0.0014265335235378032,0.0009587727708533077,0.005494505494505495,0.010869565217391304
Vehicle_4,9532149,1,0.0625,0.014285714285714285,0.014925373134328358,0.010752688172043012,0.5,0.0196078431372549,0.02127659574468085,0.5,0.02857142857142857,0.013888888888888888,0.012658227848101266,0.008771929824561403,0.011764705882352941,0.010638297872340425,0.010869565217391304,0.011764705882352941
Vehicle_4,9532149,2,0.08333333333333333,0.25,0.03571428571428571,0.045454545454545456,0.5,0.0625,0.09090909090909091,0.5,0.05555555555555555,0.011764705882352941,0.043478260869565216,0.03333333333333333,0.02564102564102564,0.041666666666666664,0.05555555555555555,0.041666666666666664
Vehicle_4,9532149,3,0.07142857142857142,0.09090909090909091,0.03333333333333333,0.05,0.5,0.0625,0.07142857142857142,0.5,0.058823529411764705,0.011764705882352941,0.038461538461538464,0.045454545454545456,0.03125,0.045454545454545456,0.05555555555555555,0.045454545454545456
Vehicle_4,9532149,4,0.058823529411764705,0.07142857142857142,0.03571428571428571,0.041666666666666664,0.5,0.07142857142857142,0.07142857142857142,0.5,0.047619047619047616,0.011764705882352941,0.03333333333333333,0.037037037037037035,0.04,0.043478260869565216,0.041666666666666664,0.030303030303030304
Vehicle_4,9532149,5,0.0625,0.1111111111111111,0.041666666666666664,0.043478260869565216,0.5,0.06666666666666667,0.07692307692307693,0.5,0.037037037037037035,0.011764705882352941,0.03333333333333333,0.038461538461538464,0.038461538461538464,0.041666666666666664,0.047619047619047616,0.038461538461538464
Vehicle_4,9532149,6,0.0625,0.07692307692307693,0.03225806451612903,0.04,0.5,0.037037037037037035,0.043478260869565216,0.5,0.047619047619047616,0.011764705882352941,0.034482758620689655,0.03225806451612903,0.023255813953488372,0.034482758620689655,0.045454545454545456,0.03225806451612903
Vehicle_4,9532149,7,0.05555555555555555,0.05263157894736842,0.03225806451612903,0.04,0.5,0.03225806451612903,0.038461538461538464,0.5,0.045454545454545456,0.011764705882352941,0.027777777777777776,0.037037037037037035,0.034482758620689655,0.043478260869565216,0.043478260869565216,0.03333333333333333
Vehicle_4,9532149,8,0.05,0.05555555555555555,0.05263157894736842,0.07142857142857142,0.5,0.037037037037037035,0.047619047619047616,0.5,0.04,0.011764705882352941,0.027777777777777776,0.037037037037037035,0.034482758620689655,0.043478260869565216,0.041666666666666664,0.03333333333333333
Vehicle_4,9532149,9,0.05555555555555555,0.058823529411764705,0.05263157894736842,0.0625,0.5,0.047619047619047616,0.05263157894736842,0.5,0.043478260869565216,0.011764705882352941,0.029411764705882353,0.03333333333333333,0.03333333333333333,0.043478260869565216,0.05555555555555555,0.04
Vehicle_4,9532149,10,0.05555555555555555,0.07142857142857142,0.045454545454545456,0.047619047619047616,0.5,0.037037037037037035,0.043478260869565216,0.5,0.05263157894736842,0.011764705882352941,0.029411764705882353,0.045454545454545456,0.034482758620689655,0.045454545454545456,0.1111111111111111,0.06666666666666667
Vehicle_4,9532149,11,0.0625,0.14285714285714285,0.043478260869565216,0.06666666666666667,0.5,0.03225806451612903,0.038461538461538464,0.5,0.05,0.011764705882352941,0.03571428571428571,0.034482758620689655,0.02631578947368421,0.029411764705882353,0.05263157894736842,0.038461538461538464
Vehicle_4,9532149,12,0.0625,0.0625,0.03333333333333333,0.05,0.5,0.03225806451612903,0.047619047619047616,0.5,0.07142857142857142,0.011764705882352941,0.038461538461538464,0.05555555555555555,0.02857142857142857,0.047619047619047616,0.043478260869565216,0.03333333333333333
Vehicle_4,9532149,13,0.05555555555555555,0.045454545454545456,0.045454545454545456,0.06666666666666667,0.5,0.043478260869565216,0.05555555555555555,0.5,0.05263157894736842,0.011764705882352941,0.03333333333333333,0.03125,0.022727272727272728,0.037037037037037035,0.05,0.037037037037037035
Vehicle_4,9532149,14,0.0625,0.05555555555555555,0.0625,0.06666666666666667,0.5,0.037037037037037035,0.05263157894736842,0.5,0.04,0.011764705882352941,0.04,0.05555555555555555,0.02857142857142857,0.047619047619047616,0.047619047619047616,0.038461538461538464
Vehicle_4,9532149,15,0.05,0.06666666666666667,0.05,0.07692307692307693,0.5,0.037037037037037035,0.05,0.5,0.043478260869565216,0.011764705882352941,0.03333333333333333,0.047619047619047616,0.03125,0.037037037037037035,0.05555555555555555,0.041666666666666664
Vehicle_4,9532149,16,0.05263157894736842,0.045454545454545456,0.037037037037037035,0.043478260869565216,0.5,0.041666666666666664,0.05,0.5,0.043478260869565216,0.011764705882352941,0.030303030303030304,0.03333333333333333,0.022727272727272728,0.047619047619047616,0.05555555555555555,0.03571428571428571
Vehicle_4,9532149,17,0.05263157894736842,0.07142857142857142,0.038461538461538464,0.07142857142857142,0.5,0.03125,0.038461538461538464,0.5,0.03125,0.011764705882352941,0.03333333333333333,0.045454545454545456,0.02857142857142857,0.045454545454545456,0.043478260869565216,0.04
Vehicle_4,9532149,18,0.058823529411764705,0.07142857142857142,0.047619047619047616,0.045454545454545456,0.5,0.037037037037037035,0.05,0.5,0.045454545454545456,0.011764705882352941,0.03571428571428571,0.03571428571428571,0.034482758620689655,0.038461538461538464,0.05555555555555555,0.04
Vehicle_4,9532149,19,0.05555555555555555,0.14285714285714285,0.034482758620689655,0.04,0.5,0.041666666666666664,0.05,0.5,0.058823529411764705,0.011764705882352941,0.038461538461538464,0.03333333333333333,0.025,0.03333333333333333,0.07142857142857142,0.04
Vehicle_4,9532149,20,0.05555555555555555,0.0625,0.047619047619047616,0.047619047619047616,0.5,0.03125,0.038461538461538464,0.5,0.058823529411764705,0.011764705882352941,0.043478260869565216,0.05263157894736842,0.07142857142857142,0.07692307692307693,0.07692307692307693,0.05263157894736842
Vehicle_4,9532149,21,0.058823529411764705,0.06666666666666667,0.045454545454545456,0.05263157894736842,0.5,0.03125,0.038461538461538464,0.5,0.045454545454545456,0.011764705882352941,0.029411764705882353,0.030303030303030304,0.02564102564102564,0.04,0.0625,0.04
Vehicle_4,9532149,22,0.05263157894736842,0.06666666666666667,0.05263157894736842,0.07142857142857142,0.5,0.03225806451612903,0.041666666666666664,0.5,0.05263157894736842,0.011764705882352941,0.03225806451612903,0.034482758620689655,0.029411764705882353,0.03571428571428571,0.045454545454545456,0.03225806451612903
Vehicle_4,9532149,23,0.047619047619047616,0.07142857142857142,0.058823529411764705,0.06666666666666667,0.5,0.045454545454545456,0.0625,0.5,0.041666666666666664,0.011764705882352941,0.03571428571428571,0.041666666666666664,0.041666666666666664,0.047619047619047616,0.05,0.04
Vehicle_4,9532149,24,0.047619047619047616,0.07692307692307693,0.07692307692307693,0.07142857142857142,0.5,0.058823529411764705,0.07692307692307693,0.5,0.041666666666666664,0.011764705882352941,0.03571428571428571,0.045454545454545456,0.029411764705882353,0.04,0.05555555555555555,0.03571428571428571
Vehicle_4,9532149,25,0.05263157894736842,0.0625,0.05263157894736842,0.05263157894736842,0.5,0.058823529411764705,0.07142857142857142,0.5,0.04,0.011764705882352941,0.045454545454545456,0.034482758620689655,0.03571428571428571,0.05,0.08333333333333333,0.05
Vehicle_4,9532149,26,0.05263157894736842,0.07692307692307693,0.047619047619047616,0.05,0.5,0.06666666666666667,0.07692307692307693,0.5,0.03571428571428571,0.011764705882352941,0.0625,0.037037037037037035,0.029411764705882353,0.04,0.0625,0.05
Vehicle_4,9532149,27,0.047619047619047616,0.09090909090909091,0.05,0.045454545454545456,0.5,0.07692307692307693,0.08333333333333333,0.5,0.038461538461538464,0.011764705882352941,0.0625,0.038461538461538464,0.03571428571428571,0.045454545454545456,0.07142857142857142,0.043478260869565216
Vehicle_4,9532149,28,0.047619047619047616,0.07692307692307693,0.045454545454545456,0.05263157894736842,0.5,0.05555555555555555,0.06666666666666667,0.5,0.041666666666666664,0.011764705882352941,0.034482758620689655,0.037037037037037035,0.03333333333333333,0.058823529411764705,0.05555555555555555,0.047619047619047616
Vehicle_4,9532149,29,0.058823529411764705,0.08333333333333333,0.04,0.041666666666666664,0.5,0.05555555555555555,0.07142857142857142,0.5,0.03125,0.011764705882352941,0.034482758620689655,0.038461538461538464,0.03225806451612903,0.05555555555555555,0.045454545454545456,0.034482758620689655
Vehicle_4,9532149,30,0.058823529411764705,0.07692307692307693,0.05263157894736842,0.037037037037037035,0.5,0.05,0.05555555555555555,0.5,0.037037037037037035,0.011764705882352941,0.058823529411764705,0.03333333333333333,0.03571428571428571,0.041666666666666664,0.07692307692307693,0.03571428571428571
Vehicle_4,9532149,31,0.058823529411764705,0.14285714285714285,0.05555555555555555,0.045454545454545456,0.5,0.038461538461538464,0.045454545454545456,0.5,0.038461538461538464,0.011764705882352941,0.045454545454545456,0.02702702702702703,0.02564102564102564,0.03333333333333333,0.1,0.03125
Vehicle_4,9532149,32,0.058823529411764705,0.16666666666666666,0.041666666666666664,0.045454545454545456,0.5,0.03125,0.038461538461538464,0.5,0.045454545454545456,0.011764705882352941,0.034482758620689655,0.03571428571428571,0.03125,0.04,0.08333333333333333,0.05263157894736842
Vehicle_4,9532149,33,0.05263157894736842,0.1,0.05555555555555555,0.07142857142857142,0.5,0.05263157894736842,0.06666666666666667,0.5,0.041666666666666664,0.011764705882352941,0.04,0.07142857142857142,0.04,0.06666666666666667,0.058823529411764705,0.045454545454545456
Vehicle_4,9532149,34,0.05263157894736842,0.09090909090909091,0.0625,0.07692307692307693,0.5,0.07142857142857142,0.09090909090909091,0.5,0.045454545454545456,0.011764705882352941,0.029411764705882353,0.05263157894736842,0.03333333333333333,0.05,0.038461538461538464,0.030303030303030304
Vehicle_4,9532149,35,0.047619047619047616,0.1,0.05,0.06666666666666667,0.5,0.041666666666666664,0.05,0.5,0.041666666666666664,0.011764705882352941,0.034482758620689655,0.03225806451612903,0.03225806451612903,0.034482758620689655,0.0625,0.047619047619047616
Vehicle_4,9532149,36,0.058823529411764705,0.14285714285714285,0.05263157894736842,0.07142857142857142,0.5,0.05263157894736842,0.08333333333333333,0.5,0.04,0.011764705882352941,0.04,0.037037037037037035,0.034482758620689655,0.041666666666666664,0.125,0.06666666666666667
Vehicle_4,9532149,37,0.058823529411764705,0.14285714285714285,0.06666666666666667,0.1,0.5,0.07142857142857142,0.1,0.5,0.03225806451612903,0.011764705882352941,0.03125,0.038461538461538464,0.037037037037037035,0.041666666666666664,0.3333333333333333,0.2
Vehicle_4,9532149,38,0.05263157894736842,0.25,0.06666666666666667,0.09090909090909091,0.5,0.058823529411764705,0.08333333333333333,0.5,0.03571428571428571,0.011764705882352941,0.02564102564102564,0.03571428571428571,0.03333333333333333,0.05263157894736842,0.05263157894736842,0.037037037037037035
Vehicle_4,9532149,39,0.05263157894736842,0.25,0.05,0.05555555555555555,0.5,0.05555555555555555,0.06666666666666667,0.5,0.04,0.011764705882352941,0.03125,0.04,0.03333333333333333,0.045454545454545456,0.05,0.047619047619047616
Vehicle_4,9532149,40,0.058823529411764705,0.125,0.05263157894736842,0.07142857142857142,0.5,0.0625,0.08333333333333333,0.5,0.041666666666666664,0.011764705882352941,0.03125,0.03571428571428571,0.02564102564102564,0.043478260869565216,0.047619047619047616,0.04
Vehicle_4,9532149,41,0.058823529411764705,0.07692307692307693,0.041666666666666664,0.0625,0.5,0.07142857142857142,0.07142857142857142,0.5,0.034482758620689655,0.011764705882352941,0.027777777777777776,0.043478260869565216,0.030303030303030304,0.05555555555555555,0.047619047619047616,0.037037037037037035
Vehicle_4,9532149,42,0.058823529411764705,0.0625,0.03125,0.04,0.5,0.0625,0.08333333333333333,0.5,0.034482758620689655,0.011764705882352941,0.027777777777777776,0.038461538461538464,0.02702702702702703,0.05,0.07692307692307693,0.037037037037037035
Vehicle_4,9532149,43,0.058823529411764705,0.058823529411764705,0.043478260869565216,0.07142857142857142,0.5,0.03225806451612903,0.03333333333333333,0.5,0.034482758620689655,0.011764705882352941,0.029411764705882353,0.041666666666666664,0.037037037037037035,0.038461538461538464,0.038461538461538464,0.03333333333333333
Vehicle_4,9532149,44,0.058823529411764705,0.07142857142857142,0.037037037037037035,0.05263157894736842,0.5,0.03225806451612903,0.03333333333333333,0.5,0.03125,0.011764705882352941,0.02564102564102564,0.04,0.027777777777777776,0.045454545454545456,0.047619047619047616,0.038461538461538464
Vehicle_4,9532149,45,0.05263157894736842,0.08333333333333333,0.037037037037037035,0.045454545454545456,0.5,0.03225806451612903,0.03333333333333333,0.5,0.041666666666666664,0.011764705882352941,0.041666666666666664,0.1111111111111111,0.02857142857142857,0.1,0.043478260869565216,0.03333333333333333
Vehicle_4,9532149,46,0.047619047619047616,0.06666666666666667,0.027777777777777776,0.038461538461538464,0.5,0.05555555555555555,0.07142857142857142,0.5,0.047619047619047616,0.011764705882352941,0.027777777777777776,0.034482758620689655,0.041666666666666664,0.05263157894736842,0.07142857142857142,0.05555555555555555
Vehicle_4,9532149,47,0.058823529411764705,0.1,0.027777777777777776,0.038461538461538464,0.5,0.07142857142857142,0.058823529411764705,0.5,0.047619047619047616,0.011764705882352941,0.02631578947368421,0.03225806451612903,0.034482758620689655,0.034482758620689655,0.047619047619047616,0.034482758620689655
Vehicle_4,9532149,48,0.05263157894736842,0.06666666666666667,0.038461538461538464,0.047619047619047616,0.5,0.03571428571428571,0.058823529411764705,0.5,0.05555555555555555,0.011764705882352941,0.047619047619047616,0.06666666666666667,0.041666666666666664,0.1111111111111111,0.05555555555555555,0.041666666666666664
Vehicle_4,9532149,49,0.047619047619047616,0.08333333333333333,0.05555555555555555,0.07692307692307693,0.5,0.04,0.05,0.5,0.030303030303030304,0.011764705882352941,0.03125,0.05,0.037037037037037035,0.05555555555555555,0.034482758620689655,0.02857142857142857
Vehicle_4,9532149,50,0.058823529411764705,0.07142857142857142,0.0625,0.07692307692307693,0.5,0.04,0.04,0.5,0.047619047619047616,0.011764705882352941,0.02857142857142857,0.038461538461538464,0.029411764705882353,0.05,0.043478260869565216,0.038461538461538464
Vehicle_4,9532149,51,0.058823529411764705,0.07142857142857142,0.0625,0.0625,0.5,0.05,0.0625,0.5,0.04,0.011764705882352941,0.03225806451612903,0.037037037037037035,0.038461538461538464,0.058823529411764705,0.041666666666666664,0.037037037037037035
Vehicle_4,9532149,52,0.058823529411764705,0.05,0.043478260869565216,0.05555555555555555,0.5,0.07142857142857142,0.058823529411764705,0.5,0.047619047619047616,0.011764705882352941,0.030303030303030304,0.03333333333333333,0.041666666666666664,0.05,0.047619047619047616,0.038461538461538464
Vehicle_4,9532149,53,0.058823529411764705,0.0625,0.027777777777777776,0.038461538461538464,0.5,0.03571428571428571,0.058823529411764705,0.5,0.047619047619047616,0.011764705882352941,0.03125,0.03333333333333333,0.030303030303030304,0.047619047619047616,0.047619047619047616,0.034482758620689655
Vehicle_4,9532149,54,0.058823529411764705,0.09090909090909091,0.058823529411764705,0.08333333333333333,0.5,0.05263157894736842,0.05555555555555555,0.5,0.05555555555555555,0.011764705882352941,0.027777777777777776,0.043478260869565216,0.04,0.045454545454545456,0.125,0.07142857142857142
Vehicle_4,9532149,55,0.05263157894736842,0.125,0.0625,0.0625,0.5,0.05555555555555555,0.07142857142857142,0.5,0.034482758620689655,0.011764705882352941,0.03225806451612903,0.03571428571428571,0.03225806451612903,0.0625,0.07142857142857142,0.05555555555555555
Vehicle_4,9532149,56,0.047619047619047616,0.06666666666666667,0.0625,0.07692307692307693,0.5,0.038461538461538464,0.047619047619047616,0.5,0.05555555555555555,0.011764705882352941,0.03125,0.038461538461538464,0.03225806451612903,0.05,0.045454545454545456,0.037037037037037035
Vehicle_4,9532149,57,0.058823529411764705,0.058823529411764705,0.045454545454545456,0.07142857142857142,0.5,0.05,0.0625,0.5,0.041666666666666664,0.011764705882352941,0.02857142857142857,0.04,0.02564102564102564,0.047619047619047616,0.041666666666666664,0.02857142857142857
Vehicle_4,9532149,58,0.058823529411764705,0.0625,0.058823529411764705,0.07692307692307693,0.5,0.047619047619047616,0.05555555555555555,0.5,0.034482758620689655,0.011764705882352941,0.02857142857142857,0.038461538461538464,0.03333333333333333,0.038461538461538464,0.05263157894736842,0.05
Vehicle_4,9532149,59,0.05263157894736842,0.05555555555555555,0.047619047619047616,0.058823529411764705,0.5,0.05,0.058823529411764705,0.5,0.03125,0.011764705882352941,0.03225806451612903,0.047619047619047616,0.03225806451612903,0.0625,0.041666666666666664,0.034482758620689655
Vehicle_4,9532149,60,0.047619047619047616,0.058823529411764705,0.047619047619047616,0.058823529411764705,0.5,0.07142857142857142,0.07142857142857142,0.5,0.04,0.011764705882352941,0.03125,0.045454545454545456,0.024390243902439025,0.0625,0.05263157894736842,0.043478260869565216
Vehicle_4,9532149,61,0.047619047619047616,0.0625,0.043478260869565216,0.05555555555555555,0.5,0.047619047619047616,0.05555555555555555,0.5,0.043478260869565216,0.011764705882352941,0.03125,0.043478260869565216,0.02857142857142857,0.05263157894736842,0.05555555555555555,0.041666666666666664
Vehicle_4,9532149,62,0.047619047619047616,0.06666666666666667,0.027777777777777776,0.038461538461538464,0.5,0.043478260869565216,0.05,0.5,0.041666666666666664,0.011764705882352941,0.03125,0.03571428571428571,0.03225806451612903,0.0625,0.041666666666666664,0.038461538461538464
Vehicle_4,9532149,63,0.058823529411764705,0.0625,0.058823529411764705,0.08333333333333333,0.5,0.05555555555555555,0.06666666666666667,0.5,0.047619047619047616,0.011764705882352941,0.02857142857142857,0.043478260869565216,0.024390243902439025,0.045454545454545456,0.043478260869565216,0.03225806451612903
Vehicle_4,9532149,64,0.058823529411764705,0.09090909090909091,0.045454545454545456,0.07142857142857142,0.5,0.07142857142857142,0.07142857142857142,0.5,0.041666666666666664,0.011764705882352941,0.030303030303030304,0.05555555555555555,0.02702702702702703,0.05,0.041666666666666664,0.02857142857142857
Vehicle_4,9532149,65,0.058823529411764705,0.0625,0.058823529411764705,0.07692307692307693,0.5,0.05,0.0625,0.5,0.04,0.011764705882352941,0.025,0.047619047619047616,0.02857142857142857,0.07142857142857142,0.047619047619047616,0.03571428571428571
Vehicle_4,9532149,66,0.058823529411764705,0.047619047619047616,0.05263157894736842,0.05555555555555555,0.5,0.04,0.043478260869565216,0.5,0.05555555555555555,0.011764705882352941,0.025,0.043478260869565216,0.04,0.045454545454545456,0.043478260869565216,0.03333333333333333
Vehicle_4,9532149,67,0.05263157894736842,0.06666666666666667,0.03333333333333333,0.05,0.5,0.05555555555555555,0.07142857142857142,0.5,0.041666666666666664,0.011764705882352941,0.025,0.04,0.02857142857142857,0.045454545454545456,0.05263157894736842,0.045454545454545456
Vehicle_4,9532149,68,0.047619047619047616,0.06666666666666667,0.03571428571428571,0.047619047619047616,0.5,0.07142857142857142,0.09090909090909091,0.5,0.041666666666666664,0.011764705882352941,0.038461538461538464,0.09090909090909091,0.03125,0.1111111111111111,0.047619047619047616,0.043478260869565216
Vehicle_4,9532149,69,0.047619047619047616,0.0625,0.05555555555555555,0.0625,0.5,0.06666666666666667,0.07692307692307693,0.5,0.030303030303030304,0.011764705882352941,0.022727272727272728,0.034482758620689655,0.023255813953488372,0.05,0.05,0.04
Vehicle_4,9532149,70,0.058823529411764705,0.09090909090909091,0.05263157894736842,0.05555555555555555,0.5,0.038461538461538464,0.047619047619047616,0.5,0.047619047619047616,0.011764705882352941,0.03225806451612903,0.1111111111111111,0.030303030303030304,0.06666666666666667,0.047619047619047616,0.034482758620689655
Vehicle_4,9532149,71,0.05263157894736842,0.07142857142857142,0.03333333333333333,0.05,0.5,0.05555555555555555,0.06666666666666667,0.5,0.047619047619047616,0.011764705882352941,0.02631578947368421,0.05555555555555555,0.02857142857142857,0.04,0.041666666666666664,0.037037037037037035
Vehicle_4,9532149,72,0.058823529411764705,0.06666666666666667,0.03571428571428571,0.047619047619047616,0.5,0.07142857142857142,0.07142857142857142,0.5,0.047619047619047616,0.011764705882352941,0.027777777777777776,0.034482758620689655,0.038461538461538464,0.043478260869565216,0.043478260869565216,0.03225806451612903
Vehicle_4,9532149,73,0.058823529411764705,0.06666666666666667,0.04,0.05263157894736842,0.5,0.05,0.0625,0.5,0.041666666666666664,0.011764705882352941,0.023809523809523808,0.03571428571428571,0.038461538461538464,0.043478260869565216,0.041666666666666664,0.02857142857142857
Vehicle_4,9532149,74,0.05263157894736842,0.08333333333333333,0.03225806451612903,0.041666666666666664,0.5,0.038461538461538464,0.0625,0.5,0.04,0.011764705882352941,0.04,0.07142857142857142,0.03225806451612903,0.07692307692307693,0.045454545454545456,0.038461538461538464
Vehicle_4,9532149,75,0.047619047619047616,0.0625,0.04,0.05555555555555555,0.5,0.05555555555555555,0.09090909090909091,0.5,0.05,0.011764705882352941,0.023255813953488372,0.05555555555555555,0.023255813953488372,0.041666666666666664,0.0625,0.047619047619047616
Vehicle_4,9532149,76,0.047619047619047616,0.0625,0.05263157894736842,0.06666666666666667,0.5,0.07142857142857142,0.07142857142857142,0.5,0.04,0.011764705882352941,0.03125,0.041666666666666664,0.04,0.04,0.047619047619047616,0.037037037037037035
Vehicle_4,9532149,77,0.05263157894736842,0.07692307692307693,0.058823529411764705,0.07692307692307693,0.5,0.06666666666666667,0.07692307692307693,0.5,0.05555555555555555,0.011764705882352941,0.03333333333333333,0.041666666666666664,0.038461538461538464,0.058823529411764705,0.04,0.03125
Vehicle_4,9532149,78,0.05263157894736842,0.07692307692307693,0.0625,0.0625,0.5,0.05555555555555555,0.07142857142857142,0.5,0.034482758620689655,0.011764705882352941,0.030303030303030304,0.047619047619047616,0.02857142857142857,0.07142857142857142,0.07142857142857142,0.05555555555555555
Vehicle_4,9532149,79,0.05555555555555555,0.07692307692307693,0.043478260869565216,0.05555555555555555,0.5,0.07142857142857142,0.09090909090909091,0.5,0.045454545454545456,0.011764705882352941,0.03225806451612903,0.05,0.030303030303030304,0.1,0.045454545454545456,0.038461538461538464
Vehicle_4,9532149,80,0.0625,0.06666666666666667,0.027777777777777776,0.03225806451612903,0.5,0.06666666666666667,0.07692307692307693,0.5,0.05,0.011764705882352941,0.029411764705882353,0.037037037037037035,0.02702702702702703,0.043478260869565216,0.06666666666666667,0.047619047619047616
Vehicle_4,9532149,81,0.05555555555555555,0.05555555555555555,0.0625,0.1,0.5,0.037037037037037035,0.05,0.5,0.06666666666666667,0.011764705882352941,0.06666666666666667,0.14285714285714285,0.05,0.2,0.058823529411764705,0.043478260869565216
Vehicle_4,9532149,82,0.047619047619047616,0.0625,0.0625,0.07692307692307693,0.5,0.041666666666666664,0.0625,0.5,0.05263157894736842,0.011764705882352941,0.030303030303030304,0.05555555555555555,0.03125,0.05555555555555555,0.058823529411764705,0.045454545454545456
Vehicle_4,9532149,83,0.05,0.07142857142857142,0.09090909090909091,0.1,0.5,0.047619047619047616,0.05,0.5,0.058823529411764705,0.011764705882352941,0.047619047619047616,0.14285714285714285,0.03333333333333333,0.16666666666666666,0.0625,0.043478260869565216
Vehicle_4,9532149,84,0.05555555555555555,0.06666666666666667,0.0625,0.1111111111111111,0.5,0.037037037037037035,0.043478260869565216,0.5,0.047619047619047616,0.011764705882352941,0.05,0.1,0.03333333333333333,0.14285714285714285,0.041666666666666664,0.034482758620689655
Vehicle_4,9532149,85,0.047619047619047616,0.07142857142857142,0.045454545454545456,0.058823529411764705,0.5,0.0625,0.07142857142857142,0.5,0.041666666666666664,0.011764705882352941,0.1111111111111111,0.5,0.03571428571428571,0.5,0.058823529411764705,0.038461538461538464
Vehicle_4,9532149,86,0.043478260869565216,0.06666666666666667,0.05555555555555555,0.08333333333333333,0.5,0.058823529411764705,0.058823529411764705,0.5,0.05263157894736842,0.011764705882352941,0.0625,0.14285714285714285,0.037037037037037035,0.125,0.07692307692307693,0.0625
Vehicle_4,9532149,87,0.05263157894736842,0.058823529411764705,0.05263157894736842,0.1111111111111111,0.5,0.0625,0.09090909090909091,0.5,0.058823529411764705,0.011764705882352941,0.07692307692307693,0.25,0.04,0.5,0.06666666666666667,0.05
Vehicle_4,9532149,88,0.043478260869565216,0.07142857142857142,0.08333333333333333,0.14285714285714285,0.5,0.047619047619047616,0.0625,0.5,0.07692307692307693,0.011764705882352941,0.1,0.3333333333333333,0.03333333333333333,0.5,0.05263157894736842,0.043478260869565216
Vehicle_4,9532149,89,0.045454545454545456,0.08333333333333333,0.047619047619047616,0.07692307692307693,0.5,0.1111111111111111,0.1111111111111111,0.5,0.043478260869565216,0.011764705882352941,0.5,0.00078064012490242,0.058823529411764705,0.5,0.05555555555555555,0.041666666666666664
Vehicle_4,9532149,90,0.045454545454545456,0.05263157894736842,0.06666666666666667,0.08333333333333333,0.5,0.058823529411764705,0.07142857142857142,0.5,0.06666666666666667,0.011764705882352941,0.16666666666666666,0.2,0.041666666666666664,0.3333333333333333,0.043478260869565216,0.034482758620689655
Vehicle_4,9532149,91,0.05263157894736842,0.05263157894736842,0.125,0.2,0.5,0.07692307692307693,0.09090909090909091,0.5,0.05263157894736842,0.011764705882352941,0.3333333333333333,0.25,0.05263157894736842,0.5,0.038461538461538464,0.03333333333333333
Vehicle_4,9532149,92,0.05555555555555555,0.05263157894736842,0.07692307692307693,0.125,0.5,0.03225806451612903,0.04,0.5,0.0625,0.011764705882352941,0.2,0.25,0.05,0.2,0.05,0.041666666666666664
Vehicle_4,9532149,93,0.05555555555555555,0.05263157894736842,0.14285714285714285,0.5,0.5,0.04,0.045454545454545456,0.5,0.07692307692307693,0.011764705882352941,0.14285714285714285,0.14285714285714285,0.047619047619047616,0.16666666666666666,0.045454545454545456,0.03125
Vehicle_4,9532149,94,0.05,0.08333333333333333,0.1111111111111111,0.3333333333333333,0.5,0.037037037037037035,0.041666666666666664,0.5,0.08333333333333333,0.011764705882352941,0.14285714285714285,0.5,0.045454545454545456,0.3333333333333333,0.045454545454545456,0.03125
Vehicle_4,9532149,95,0.05555555555555555,0.058823529411764705,0.125,0.25,0.5,0.038461538461538464,0.05263157894736842,0.5,0.05555555555555555,0.011764705882352941,0.16666666666666666,0.5,0.047619047619047616,0.2,0.043478260869565216,0.034482758620689655
Vehicle_4,9532149,96,0.047619047619047616,0.05555555555555555,0.08333333333333333,0.1,0.5,0.07142857142857142,0.09090909090909091,0.5,0.0625,0.011764705882352941,0.1,0.3333333333333333,0.05555555555555555,0.14285714285714285,0.038461538461538464,0.03333333333333333
Vehicle_4,9532149,97,0.058823529411764705,0.05555555555555555,0.1,0.16666666666666666,0.5,0.07692307692307693,0.08333333333333333,0.5,0.05555555555555555,0.011764705882352941,0.2,0.5,0.05555555555555555,0.3333333333333333,0.05263157894736842,0.047619047619047616
Vehicle_4,9532149,98,0.05,0.07142857142857142,0.1,0.16666666666666666,0.5,0.05,0.05263157894736842,0.5,0.043478260869565216,0.011764705882352941,0.125,0.3333333333333333,0.038461538461538464,0.5,0.045454545454545456,0.03333333333333333
Vehicle_4,9532149,99,0.05555555555555555,0.058823529411764705,0.07692307692307693,0.2,0.5,0.043478260869565216,0.0625,0.5,0.0625,0.011764705882352941,0.3333333333333333,0.00078064012490242,0.03571428571428571,0.5,0.05,0.041666666666666664
Vehicle_4,9532149,100,0.0625,0.06666666666666667,0.07692307692307693,0.1,0.5,0.03225806451612903,0.04,0.5,0.08333333333333333,0.011764705882352941,0.5,0.00078064012490242,0.04,0.0009587727708533077,0.043478260869565216,0.034482758620689655
Vehicle_4,9532149,101,0.047619047619047616,0.05263157894736842,0.1111111111111111,0.14285714285714285,0.5,0.03225806451612903,0.04,0.5,0.08333333333333333,0.011764705882352941,0.1,0.5,0.047619047619047616,0.3333333333333333,0.05,0.041666666666666664
Vehicle_4,9532149,102,0.05263157894736842,0.05263157894736842,0.05263157894736842,0.09090909090909091,0.5,0.04,0.045454545454545456,0.5,0.07142857142857142,0.011764705882352941,0.3333333333333333,0.16666666666666666,0.045454545454545456,0.25,0.045454545454545456,0.03125
Vehicle_4,9532149,103,0.05,0.08333333333333333,0.07142857142857142,0.1,0.5,0.06666666666666667,0.07692307692307693,0.5,0.07142857142857142,0.011764705882352941,0.3333333333333333,0.00078064012490242,0.03571428571428571,0.0009587727708533077,0.045454545454545456,0.03125
Vehicle_4,9532149,104,0.05555555555555555,0.08333333333333333,0.1,0.2,0.5,0.05555555555555555,0.06666666666666667,0.5,0.1111111111111111,0.011764705882352941,0.2,0.3333333333333333,0.043478260869565216,0.3333333333333333,0.043478260869565216,0.034482758620689655
Vehicle_4,9532149,105,0.05263157894736842,0.07692307692307693,0.1111111111111111,0.2,0.5,0.08333333333333333,0.2,0.5,0.07692307692307693,0.011764705882352941,0.25,0.5,0.03333333333333333,0.5,0.041666666666666664,0.038461538461538464
Vehicle_4,9532149,106,0.05263157894736842,0.1111111111111111,0.08333333333333333,0.2,0.5,0.04,0.058823529411764705,0.5,0.04,0.011764705882352941,0.3333333333333333,0.5,0.03333333333333333,0.5,0.043478260869565216,0.04
Vehicle_4,9532149,107,0.05,0.0625,0.06666666666666667,0.1111111111111111,0.5,0.047619047619047616,0.06666666666666667,0.5,0.05,0.011764705882352941,0.1,0.3333333333333333,0.045454545454545456,0.3333333333333333,0.037037037037037035,0.029411764705882353
Vehicle_4,9532149,108,0.047619047619047616,0.1,0.05,0.08333333333333333,0.5,0.07142857142857142,0.09090909090909091,0.5,0.06666666666666667,0.011764705882352941,0.125,0.25,0.03125,0.5,0.047619047619047616,0.037037037037037035
Vehicle_4,9532149,109,0.047619047619047616,0.1111111111111111,0.0625,0.125,0.5,0.06666666666666667,0.07142857142857142,0.5,0.058823529411764705,0.011764705882352941,0.5,0.00078064012490242,0.02702702702702703,0.0009587727708533077,0.05263157894736842,0.041666666666666664
Vehicle_4,9532149,110,0.05,0.058823529411764705,0.07692307692307693,0.1,0.5,0.05263157894736842,0.06666666666666667,0.5,0.06666666666666667,0.011764705882352941,0.25,0.00078064012490242,0.047619047619047616,0.5,0.05555555555555555,0.045454545454545456
Vehicle_4,9532149,111,0.05555555555555555,0.07142857142857142,0.1,0.14285714285714285,0.5,0.0625,0.05,0.5,0.05,0.011764705882352941,0.25,0.3333333333333333,0.041666666666666664,0.0009587727708533077,0.038461538461538464,0.05
Vehicle_4,9532149,112,0.047619047619047616,0.06666666666666667,0.14285714285714285,0.2,0.5,0.045454545454545456,0.04,0.5,0.08333333333333333,0.011764705882352941,0.2,0.2,0.038461538461538464,0.5,0.05263157894736842,0.05555555555555555
Vehicle_4,9532149,113,0.047619047619047616,0.0625,0.041666666666666664,0.07142857142857142,0.5,0.03125,0.038461538461538464,0.5,0.05,0.011764705882352941,0.14285714285714285,0.25,0.03125,0.2,0.07692307692307693,0.047619047619047616
Vehicle_4,9532149,114,0.045454545454545456,0.07142857142857142,0.047619047619047616,0.08333333333333333,0.5,0.038461538461538464,0.07692307692307693,0.5,0.08333333333333333,0.011764705882352941,0.125,0.00078064012490242,0.02702702702702703,0.3333333333333333,0.047619047619047616,0.03571428571428571
Vehicle_4,9532149,115,0.05,0.06666666666666667,0.09090909090909091,0.14285714285714285,0.5,0.037037037037037035,0.05263157894736842,0.5,0.08333333333333333,0.011764705882352941,0.5,0.5,0.047619047619047616,0.0009587727708533077,0.038461538461538464,0.034482758620689655
Vehicle_4,9532149,116,0.045454545454545456,0.06666666666666667,0.07692307692307693,0.1,0.5,0.03225806451612903,0.041666666666666664,0.5,0.0625,0.011764705882352941,0.5,0.00078064012490242,0.034482758620689655,0.0009587727708533077,0.043478260869565216,0.029411764705882353
Vehicle_4,9532149,117,0.05,0.0625,0.16666666666666666,0.25,0.5,0.058823529411764705,0.08333333333333333,0.5,0.05263157894736842,0.011764705882352941,0.3333333333333333,0.3333333333333333,0.03125,0.3333333333333333,0.043478260869565216,0.038461538461538464
Vehicle_4,9532149,118,0.045454545454545456,0.05,0.125,0.25,0.5,0.06666666666666667,0.09090909090909091,0.5,0.06666666666666667,0.011764705882352941,0.16666666666666666,0.00078064012490242,0.038461538461538464,0.0009587727708533077,0.04,0.037037037037037035
Vehicle_4,9532149,119,0.05,0.05,0.07692307692307693,0.1111111111111111,0.5,0.058823529411764705,0.0625,0.5,0.06666666666666667,0.011764705882352941,0.25,0.5,0.02857142857142857,0.3333333333333333,0.038461538461538464,0.03571428571428571
Vehicle_4,9532149,120,0.045454545454545456,0.05,0.2,0.3333333333333333,0.5,0.0625,0.1111111111111111,0.5,0.16666666666666666,0.011764705882352941,0.25,0.00078064012490242,0.037037037037037035,0.5,0.037037037037037035,0.03333333333333333
Vehicle_4,9532149,121,0.058823529411764705,0.07142857142857142,0.14285714285714285,0.16666666666666666,0.5,0.047619047619047616,0.058823529411764705,0.5,0.25,0.011764705882352941,0.25,0.00078064012490242,0.024390243902439025,0.5,0.037037037037037035,0.03333333333333333
Vehicle_4,9532149,122,0.058823529411764705,0.0625,0.14285714285714285,0.2,0.5,0.038461538461538464,0.05263157894736842,0.5,0.09090909090909091,0.011764705882352941,0.14285714285714285,0.00078064012490242,0.022727272727272728,0.2,0.043478260869565216,0.045454545454545456
Vehicle_4,9532149,123,0.05,0.08333333333333333,0.047619047619047616,0.06666666666666667,0.5,0.03225806451612903,0.038461538461538464,0.5,0.05555555555555555,0.011764705882352941,0.1111111111111111,0.3333333333333333,0.034482758620689655,0.25,0.04,0.03571428571428571
Vehicle_4,9532149,124,0.047619047619047616,0.05555555555555555,0.07142857142857142,0.125,0.5,0.037037037037037035,0.047619047619047616,0.5,0.07692307692307693,0.011764705882352941,0.043478260869565216,0.3333333333333333,0.03571428571428571,0.3333333333333333,0.037037037037037035,0.03333333333333333
Vehicle_4,9532149,125,0.058823529411764705,0.09090909090909091,0.1,0.3333333333333333,0.5,0.045454545454545456,0.047619047619047616,0.5,0.08333333333333333,0.011764705882352941,0.07692307692307693,0.25,0.03571428571428571,0.3333333333333333,0.043478260869565216,0.045454545454545456
Vehicle_4,9532149,126,0.045454545454545456,0.0625,0.1,0.5,0.5,0.041666666666666664,0.05,0.5,0.058823529411764705,0.011764705882352941,0.3333333333333333,0.00078064012490242,0.037037037037037035,0.0009587727708533077,0.04,0.03571428571428571
Vehicle_4,9532149,127,0.047619047619047616,0.0625,0.08333333333333333,0.1,0.5,0.038461538461538464,0.058823529411764705,0.5,0.05555555555555555,0.011764705882352941,0.25,0.00078064012490242,0.02857142857142857,0.5,0.043478260869565216,0.038461538461538464
Vehicle_4,9532149,128,0.05555555555555555,0.05555555555555555,0.043478260869565216,0.05555555555555555,0.5,0.03571428571428571,0.045454545454545456,0.5,0.043478260869565216,0.011764705882352941,0.1,0.5,0.034482758620689655,0.16666666666666666,0.04,0.037037037037037035
Vehicle_4,9532149,129,0.05,0.06666666666666667,0.05555555555555555,0.07692307692307693,0.5,0.03125,0.038461538461538464,0.5,0.05,0.011764705882352941,0.1,0.3333333333333333,0.030303030303030304,0.25,0.04,0.037037037037037035
Vehicle_4,9532149,130,0.05555555555555555,0.05,0.05263157894736842,0.0625,0.5,0.037037037037037035,0.05,0.5,0.041666666666666664,0.011764705882352941,0.1,0.125,0.02564102564102564,0.14285714285714285,0.038461538461538464,0.03571428571428571
Vehicle_4,9532149,131,0.05555555555555555,0.07142857142857142,0.07692307692307693,0.16666666666666666,0.5,0.0625,0.0625,0.5,0.07142857142857142,0.011764705882352941,0.08333333333333333,0.1111111111111111,0.03125,0.0009587727708533077,0.037037037037037035,0.03333333333333333
Vehicle_4,9532149,132,0.05555555555555555,0.08333333333333333,0.06666666666666667,0.09090909090909091,0.5,0.058823529411764705,0.07692307692307693,0.5,0.05263157894736842,0.011764705882352941,0.25,0.5,0.029411764705882353,0.5,0.037037037037037035,0.03333333333333333
Vehicle_4,9532149,133,0.05263157894736842,0.0625,0.07692307692307693,0.1111111111111111,0.5,0.0625,0.07142857142857142,0.5,0.058823529411764705,0.011764705882352941,0.2,0.3333333333333333,0.02857142857142857,0.0009587727708533077,0.037037037037037035,0.03333333333333333
Vehicle_4,9532149,134,0.047619047619047616,0.08333333333333333,0.1111111111111111,0.25,0.5,0.05555555555555555,0.07142857142857142,0.5,0.07142857142857142,0.011764705882352941,0.08333333333333333,0.5,0.034482758620689655,0.25,0.043478260869565216,0.038461538461538464
Vehicle_4,9532149,135,0.047619047619047616,0.07692307692307693,0.1,0.1111111111111111,0.5,0.05555555555555555,0.06666666666666667,0.5,0.0625,0.011764705882352941,0.5,0.3333333333333333,0.02857142857142857,0.3333333333333333,0.043478260869565216,0.038461538461538464
Vehicle_4,9532149,136,0.05263157894736842,0.09090909090909091,0.07692307692307693,0.1,0.5,0.05555555555555555,0.08333333333333333,0.5,0.05263157894736842,0.011764705882352941,0.3333333333333333,0.00078064012490242,0.03225806451612903,0.3333333333333333,0.045454545454545456,0.034482758620689655
Vehicle_4,9532149,137,0.05,0.06666666666666667,0.14285714285714285,0.25,0.5,0.04,0.05,0.5,0.0625,0.011764705882352941,0.1,0.5,0.03125,0.2,0.047619047619047616,0.038461538461538464
Vehicle_4,9532149,138,0.05,0.058823529411764705,0.14285714285714285,0.2,0.5,0.06666666666666667,0.09090909090909091,0.5,0.0625,0.011764705882352941,0.16666666666666666,0.25,0.045454545454545456,0.2,0.05555555555555555,0.04
Vehicle_4,9532149,139,0.05555555555555555,0.07142857142857142,0.05,0.1111111111111111,0.5,0.038461538461538464,0.05,0.5,0.1,0.011764705882352941,0.2,0.5,0.03225806451612903,0.5,0.043478260869565216,0.03571428571428571
Vehicle_4,9532149,140,0.05,0.09090909090909091,0.058823529411764705,0.1,0.5,0.041666666666666664,0.05555555555555555,0.5,0.07142857142857142,0.011764705882352941,0.001142857142857143,0.00078064012490242,0.5,0.0009587727708533077,0.047619047619047616,0.038461538461538464
Vehicle_4,9532149,141,0.058823529411764705,0.07142857142857142,0.07142857142857142,0.1,0.5,0.045454545454545456,0.047619047619047616,0.5,0.09090909090909091,0.011764705882352941,0.001142857142857143,0.00078064012490242,0.0014265335235378032,0.0009587727708533077,0.047619047619047616,0.034482758620689655
Vehicle_4,9532149,142,0.047619047619047616,0.07692307692307693,0.07692307692307693,0.1111111111111111,0.5,0.037037037037037035,0.05263157894736842,0.5,0.05555555555555555,0.011764705882352941,0.3333333333333333,0.14285714285714285,0.03333333333333333,0.125,0.045454545454545456,0.041666666666666664
Vehicle_4,9532149,143,0.043478260869565216,0.09090909090909091,0.07692307692307693,0.16666666666666666,0.5,0.041666666666666664,0.0625,0.5,0.05555555555555555,0.011764705882352941,0.08333333333333333,0.125,0.043478260869565216,0.1111111111111111,0.043478260869565216,0.03333333333333333
Vehicle_4,9532149,144,0.047619047619047616,0.09090909090909091,0.047619047619047616,0.06666666666666667,0.5,0.05555555555555555,0.07142857142857142,0.5,0.047619047619047616,0.011764705882352941,0.25,0.3333333333333333,0.043478260869565216,0.25,0.043478260869565216,0.034482758620689655
Vehicle_4,9532149,145,0.05263157894736842,0.06666666666666667,0.047619047619047616,0.058823529411764705,0.5,0.047619047619047616,0.06666666666666667,0.5,0.1111111111111111,0.011764705882352941,0.16666666666666666,0.3333333333333333,0.045454545454545456,0.5,0.047619047619047616,0.038461538461538464
Vehicle_4,9532149,146,0.058823529411764705,0.09090909090909091,0.07692307692307693,0.14285714285714285,0.5,0.058823529411764705,0.125,0.5,0.14285714285714285,0.011764705882352941,0.1111111111111111,0.08333333333333333,0.02857142857142857,0.16666666666666666,0.043478260869565216,0.03225806451612903
Vehicle_4,9532149,147,0.07142857142857142,0.07142857142857142,0.09090909090909091,0.1111111111111111,0.5,0.07142857142857142,0.1,0.5,0.125,0.011764705882352941,0.2,0.125,0.027777777777777776,0.125,0.045454545454545456,0.03571428571428571
Vehicle_4,9532149,148,0.0625,0.07692307692307693,0.07692307692307693,0.08333333333333333,0.5,0.1,0.09090909090909091,0.5,0.06666666666666667,0.011764705882352941,0.027777777777777776,0.041666666666666664,0.037037037037037035,0.041666666666666664,0.041666666666666664,0.03333333333333333
Vehicle_4,9532149,149,0.06666666666666667,0.058823529411764705,0.05,0.07692307692307693,0.5,0.05,0.0625,0.5,0.07692307692307693,0.011764705882352941,0.027777777777777776,0.038461538461538464,0.05,0.03333333333333333,0.07142857142857142,0.058823529411764705
Vehicle_4,9532149,150,0.0625,0.1111111111111111,0.02702702702702703,0.03571428571428571,0.5,0.05263157894736842,0.05555555555555555,0.5,0.045454545454545456,0.011764705882352941,0.024390243902439025,0.02631578947368421,0.03225806451612903,0.029411764705882353,0.05555555555555555,0.034482758620689655
Vehicle_4,9532149,151,0.06666666666666667,0.1111111111111111,0.05263157894736842,0.06666666666666667,0.5,0.05263157894736842,0.08333333333333333,0.5,0.1111111111111111,0.011764705882352941,0.030303030303030304,0.034482758620689655,0.03225806451612903,0.037037037037037035,0.047619047619047616,0.03571428571428571
Vehicle_4,9532149,152,0.14285714285714285,0.07142857142857142,0.1,0.09090909090909091,0.5,0.0625,0.07142857142857142,0.5,0.08333333333333333,0.011764705882352941,0.038461538461538464,0.05555555555555555,0.03225806451612903,0.038461538461538464,0.16666666666666666,0.07142857142857142
Vehicle_4,9532149,153,0.1111111111111111,0.25,0.045454545454545456,0.05263157894736842,0.5,0.07692307692307693,0.07142857142857142,0.5,0.0625,0.011764705882352941,0.043478260869565216,0.047619047619047616,0.043478260869565216,0.05555555555555555,0.08333333333333333,0.05555555555555555
Vehicle_4,9532149,154,0.09090909090909091,0.0625,0.047619047619047616,0.043478260869565216,0.5,0.06666666666666667,0.06666666666666667,0.5,0.058823529411764705,0.011764705882352941,0.038461538461538464,0.037037037037037035,0.05,0.03571428571428571,0.07142857142857142,0.038461538461538464
Vehicle_4,9532149,155,0.06666666666666667,0.3333333333333333,0.0625,0.07142857142857142,0.5,0.08333333333333333,0.07692307692307693,0.5,0.05555555555555555,0.011764705882352941,0.041666666666666664,0.045454545454545456,0.04,0.038461538461538464,0.045454545454545456,0.03225806451612903
Vehicle_4,9532149,156,0.1111111111111111,0.0027624309392265192,0.07142857142857142,0.07142857142857142,0.5,0.043478260869565216,0.06666666666666667,0.5,0.0625,0.011764705882352941,0.05,0.047619047619047616,0.037037037037037035,0.05555555555555555,0.16666666666666666,0.06666666666666667
Vehicle_4,9532149,157,0.09090909090909091,0.5,0.05263157894736842,0.045454545454545456,0.5,0.04,0.037037037037037035,0.5,0.058823529411764705,0.011764705882352941,0.047619047619047616,0.037037037037037035,0.029411764705882353,0.03571428571428571,0.043478260869565216,0.02631578947368421
Vehicle_4,9532149,158,0.06666666666666667,0.25,0.05,0.045454545454545456,0.5,0.04,0.037037037037037035,0.5,0.07142857142857142,0.011764705882352941,0.03225806451612903,0.037037037037037035,0.03571428571428571,0.03571428571428571,0.07692307692307693,0.041666666666666664
Vehicle_4,9532149,159,0.08333333333333333,0.0027624309392265192,0.041666666666666664,0.05263157894736842,0.5,0.04,0.037037037037037035,0.5,0.07692307692307693,0.011764705882352941,0.03125,0.03571428571428571,0.047619047619047616,0.05,0.125,0.0625
Vehicle_4,9532149,160,0.08333333333333333,0.2,0.04,0.047619047619047616,0.5,0.045454545454545456,0.05263157894736842,0.5,0.05555555555555555,0.011764705882352941,0.03125,0.05,0.03571428571428571,0.041666666666666664,0.05,0.041666666666666664
Vehicle_4,9532149,161,0.08333333333333333,0.07142857142857142,0.0625,0.07142857142857142,0.5,0.04,0.05263157894736842,0.5,0.047619047619047616,0.011764705882352941,0.038461538461538464,0.03225806451612903,0.030303030303030304,0.029411764705882353,0.08333333333333333,0.05263157894736842
Vehicle_4,9532149,162,0.06666666666666667,0.14285714285714285,0.05,0.07692307692307693,0.5,0.045454545454545456,0.05263157894736842,0.5,0.05,0.011764705882352941,0.03125,0.038461538461538464,0.038461538461538464,0.038461538461538464,0.038461538461538464,0.03571428571428571
Vehicle_4,9532149,163,0.058823529411764705,0.1,0.05263157894736842,0.07142857142857142,0.5,0.04,0.05263157894736842,0.5,0.041666666666666664,0.011764705882352941,0.03333333333333333,0.03571428571428571,0.05,0.030303030303030304,0.09090909090909091,0.05263157894736842
Vehicle_4,9532149,164,0.058823529411764705,0.07142857142857142,0.05263157894736842,0.0625,0.5,0.05,0.07142857142857142,0.5,0.05,0.011764705882352941,0.034482758620689655,0.03571428571428571,0.045454545454545456,0.030303030303030304,0.1,0.05
Vehicle_4,9532149,165,0.058823529411764705,0.07142857142857142,0.03571428571428571,0.041666666666666664,0.5,0.07142857142857142,0.07692307692307693,0.5,0.041666666666666664,0.011764705882352941,0.02631578947368421,0.045454545454545456,0.041666666666666664,0.045454545454545456,0.05,0.045454545454545456
Vehicle_4,9532149,166,0.06666666666666667,0.06666666666666667,0.041666666666666664,0.043478260869565216,0.5,0.038461538461538464,0.047619047619047616,0.5,0.045454545454545456,0.011764705882352941,0.02857142857142857,0.041666666666666664,0.02564102564102564,0.037037037037037035,0.08333333333333333,0.05
Vehicle_4,9532149,167,0.0625,0.1,0.037037037037037035,0.043478260869565216,0.5,0.06666666666666667,0.08333333333333333,0.5,0.05,0.011764705882352941,0.02857142857142857,0.03571428571428571,0.02564102564102564,0.03125,0.041666666666666664,0.02857142857142857
Vehicle_4,9532149,168,0.0625,0.125,0.047619047619047616,0.045454545454545456,0.5,0.058823529411764705,0.0625,0.5,0.043478260869565216,0.011764705882352941,0.03125,0.043478260869565216,0.030303030303030304,0.05,0.037037037037037035,0.024390243902439025
Vehicle_4,9532149,169,0.06666666666666667,0.14285714285714285,0.043478260869565216,0.06666666666666667,0.5,0.037037037037037035,0.05263157894736842,0.5,0.05555555555555555,0.011764705882352941,0.03333333333333333,0.3333333333333333,0.07692307692307693,0.16666666666666666,0.07692307692307693,0.05263157894736842
Vehicle_4,9532149,170,0.06666666666666667,0.1,0.05555555555555555,0.06666666666666667,0.5,0.03225806451612903,0.041666666666666664,0.5,0.045454545454545456,0.011764705882352941,0.0625,0.125,0.06666666666666667,0.14285714285714285,0.05555555555555555,0.03571428571428571
Vehicle_4,9532149,171,0.06666666666666667,0.058823529411764705,0.07692307692307693,0.07142857142857142,0.5,0.045454545454545456,0.047619047619047616,0.5,0.07142857142857142,0.011764705882352941,0.037037037037037035,0.030303030303030304,0.03571428571428571,0.029411764705882353,0.05555555555555555,0.03333333333333333
Vehicle_4,9532149,172,0.1,0.125,0.043478260869565216,0.06666666666666667,0.5,0.04,0.05263157894736842,0.5,0.058823529411764705,0.011764705882352941,0.043478260869565216,0.043478260869565216,0.03571428571428571,0.047619047619047616,0.037037037037037035,0.02857142857142857
Vehicle_4,9532149,173,0.08333333333333333,0.14285714285714285,0.034482758620689655,0.04,0.5,0.058823529411764705,0.08333333333333333,0.5,0.07142857142857142,0.011764705882352941,0.045454545454545456,0.05555555555555555,0.05263157894736842,0.038461538461538464,0.2,0.09090909090909091
Vehicle_4,9532149,174,0.1,0.1,0.047619047619047616,0.047619047619047616,0.5,0.1,0.09090909090909091,0.5,0.05555555555555555,0.011764705882352941,0.043478260869565216,0.05263157894736842,0.06666666666666667,0.05,0.03571428571428571,0.025
Vehicle_4,9532149,175,0.1111111111111111,0.1,0.045454545454545456,0.05263157894736842,0.5,0.05263157894736842,0.045454545454545456,0.5,0.0625,0.011764705882352941,0.029411764705882353,0.041666666666666664,0.03225806451612903,0.047619047619047616,0.3333333333333333,0.041666666666666664
Vehicle_4,9532149,176,0.09090909090909091,0.0027624309392265192,0.04,0.041666666666666664,0.5,0.045454545454545456,0.043478260869565216,0.5,0.07142857142857142,0.011764705882352941,0.029411764705882353,0.043478260869565216,0.03225806451612903,0.047619047619047616,0.09090909090909091,0.08333333333333333
Vehicle_4,9532149,177,0.06666666666666667,0.3333333333333333,0.04,0.041666666666666664,0.5,0.05,0.07142857142857142,0.5,0.07692307692307693,0.011764705882352941,0.034482758620689655,0.05555555555555555,0.038461538461538464,0.05,0.058823529411764705,0.04
Vehicle_4,9532149,178,0.06666666666666667,0.25,0.04,0.041666666666666664,0.5,0.03571428571428571,0.045454545454545456,0.5,0.06666666666666667,0.011764705882352941,0.045454545454545456,0.03125,0.05,0.034482758620689655,0.05555555555555555,0.037037037037037035
Vehicle_4,9532149,179,0.08333333333333333,0.08333333333333333,0.03571428571428571,0.045454545454545456,0.5,0.05263157894736842,0.06666666666666667,0.5,0.058823529411764705,0.011764705882352941,0.045454545454545456,0.04,0.047619047619047616,0.045454545454545456,0.045454545454545456,0.03225806451612903
Vehicle_4,9532149,180,0.08333333333333333,0.058823529411764705,0.05555555555555555,0.06666666666666667,0.5,0.08333333333333333,0.07692307692307693,0.5,0.058823529411764705,0.011764705882352941,0.038461538461538464,0.03333333333333333,0.034482758620689655,0.03125,0.16666666666666666,0.06666666666666667
Vehicle_4,9532149,181,0.08333333333333333,0.16666666666666666,0.07692307692307693,0.07142857142857142,0.5,0.07692307692307693,0.06666666666666667,0.5,0.058823529411764705,0.011764705882352941,0.043478260869565216,0.03571428571428571,0.043478260869565216,0.03333333333333333,0.05,0.041666666666666664
Vehicle_4,9532149,182,0.1,0.1111111111111111,0.043478260869565216,0.06666666666666667,0.5,0.037037037037037035,0.02564102564102564,0.5,0.058823529411764705,0.011764705882352941,0.04,0.058823529411764705,0.037037037037037035,0.04,0.01,0.01694915254237288
Vehicle_4,9532149,183,0.06666666666666667,0.5,0.05555555555555555,0.06666666666666667,0.5,0.07142857142857142,0.07142857142857142,0.5,0.058823529411764705,0.011764705882352941,0.03571428571428571,0.043478260869565216,0.045454545454545456,0.043478260869565216,0.0625,0.038461538461538464
Vehicle_4,9532149,184,0.06666666666666667,0.14285714285714285,0.07692307692307693,0.07142857142857142,0.5,0.058823529411764705,0.0625,0.5,0.058823529411764705,0.011764705882352941,0.04,0.038461538461538464,0.041666666666666664,0.03571428571428571,0.125,0.05555555555555555
Vehicle_4,9532149,185,0.06666666666666667,0.16666666666666666,0.04,0.047619047619047616,0.5,0.08333333333333333,0.07692307692307693,0.5,0.05263157894736842,0.011764705882352941,0.03125,0.04,0.05555555555555555,0.03571428571428571,0.1,0.06666666666666667
Vehicle_4,9532149,186,0.08333333333333333,0.09090909090909091,0.0625,0.07142857142857142,0.5,0.058823529411764705,0.0625,0.5,0.0625,0.011764705882352941,0.038461538461538464,0.05,0.03225806451612903,0.03225806451612903,0.07692307692307693,0.041666666666666664
Vehicle_4,9532149,187,0.08333333333333333,0.07692307692307693,0.0625,0.0625,0.5,0.047619047619047616,0.058823529411764705,0.5,0.05,0.011764705882352941,0.034482758620689655,0.05263157894736842,0.03571428571428571,0.047619047619047616,0.0625,0.043478260869565216
Vehicle_4,9532149,188,0.06666666666666667,0.0625,0.041666666666666664,0.05263157894736842,0.5,0.04,0.037037037037037035,0.5,0.05555555555555555,0.011764705882352941,0.03225806451612903,0.03333333333333333,0.03571428571428571,0.041666666666666664,0.07142857142857142,0.05555555555555555
Vehicle_4,9532149,189,0.06666666666666667,0.06666666666666667,0.05263157894736842,0.06666666666666667,0.5,0.04,0.037037037037037035,0.5,0.045454545454545456,0.011764705882352941,0.030303030303030304,0.045454545454545456,0.045454545454545456,0.043478260869565216,0.038461538461538464,0.03333333333333333
Vehicle_4,9532149,190,0.0625,0.07142857142857142,0.058823529411764705,0.07142857142857142,0.5,0.04,0.058823529411764705,0.5,0.05263157894736842,0.011764705882352941,0.02702702702702703,0.03571428571428571,0.041666666666666664,0.045454545454545456,0.0625,0.041666666666666664
Vehicle_4,9532149,191,0.058823529411764705,0.07692307692307693,0.07142857142857142,0.07692307692307693,0.5,0.043478260869565216,0.07692307692307693,0.5,0.05,0.011764705882352941,0.037037037037037035,0.034482758620689655,0.02564102564102564,0.03571428571428571,0.047619047619047616,0.034482758620689655
Vehicle_4,9532149,192,0.0625,0.06666666666666667,0.038461538461538464,0.045454545454545456,0.5,0.037037037037037035,0.05263157894736842,0.5,0.05,0.011764705882352941,0.041666666666666664,0.04,0.03225806451612903,0.04,0.05,0.045454545454545456
Vehicle_4,9532149,193,0.0625,0.07142857142857142,0.03225806451612903,0.041666666666666664,0.5,0.05,0.05555555555555555,0.5,0.047619047619047616,0.011764705882352941,0.029411764705882353,0.037037037037037035,0.029411764705882353,0.04,0.041666666666666664,0.041666666666666664
Vehicle_4,9532149,194,0.05555555555555555,0.09090909090909091,0.047619047619047616,0.058823529411764705,0.5,0.0625,0.07692307692307693,0.5,0.047619047619047616,0.011764705882352941,0.027777777777777776,0.043478260869565216,0.038461538461538464,0.043478260869565216,0.08333333333333333,0.06666666666666667
Vehicle_4,9532149,195,0.0625,0.16666666666666666,0.05555555555555555,0.0625,0.5,0.05,0.07142857142857142,0.5,0.045454545454545456,0.011764705882352941,0.03225806451612903,0.041666666666666664,0.03571428571428571,0.05,0.041666666666666664,0.034482758620689655
Vehicle_4,9532149,196,0.05555555555555555,0.0625,0.058823529411764705,0.07142857142857142,0.5,0.05,0.07692307692307693,0.5,0.04,0.011764705882352941,0.02857142857142857,0.045454545454545456,0.030303030303030304,0.05263157894736842,0.05263157894736842,0.041666666666666664
Vehicle_4,9532149,197,0.05,0.05263157894736842,0.05263157894736842,0.06666666666666667,0.5,0.05263157894736842,0.07692307692307693,0.5,0.037037037037037035,0.011764705882352941,0.030303030303030304,0.030303030303030304,0.03225806451612903,0.041666666666666664,0.058823529411764705,0.043478260869565216
Vehicle_4,9532149,198,0.05263157894736842,0.07692307692307693,0.03571428571428571,0.05,0.5,0.07142857142857142,0.08333333333333333,0.5,0.038461538461538464,0.011764705882352941,0.02857142857142857,0.029411764705882353,0.03571428571428571,0.038461538461538464,0.05263157894736842,0.043478260869565216
Vehicle_4,9532149,199,0.058823529411764705,0.0625,0.037037037037037035,0.047619047619047616,0.5,0.06666666666666667,0.07692307692307693,0.5,0.038461538461538464,0.011764705882352941,0.030303030303030304,0.04,0.037037037037037035,0.058823529411764705,0.25,0.07692307692307693
Vehicle_4,9532149,200,0.05,0.07692307692307693,0.5,0.5,0.5,0.05,0.07142857142857142,0.5,0.125,0.011764705882352941,0.058823529411764705,0.14285714285714285,0.03333333333333333,0.3333333333333333,0.041666666666666664,0.03225806451612903
Vehicle_4,9532149,201,0.05263157894736842,0.058823529411764705,0.0625,0.125,0.5,0.045454545454545456,0.05263157894736842,0.5,0.125,0.011764705882352941,0.05555555555555555,0.3333333333333333,0.03571428571428571,0.16666666666666666,0.045454545454545456,0.041666666666666664
Vehicle_4,9532149,202,0.05263157894736842,0.09090909090909091,0.06666666666666667,0.07142857142857142,0.5,0.043478260869565216,0.05555555555555555,0.5,0.125,0.011764705882352941,0.3333333333333333,0.5,0.05,0.0009587727708533077,0.045454545454545456,0.03571428571428571
Vehicle_4,9532149,203,0.06666666666666667,0.0625,0.2,0.3333333333333333,0.5,0.05263157894736842,0.125,0.5,0.2,0.011764705882352941,0.125,0.25,0.1,0.3333333333333333,0.045454545454545456,0.037037037037037035
Vehicle_4,9532149,204,0.0625,0.1,0.1111111111111111,0.16666666666666666,0.5,0.058823529411764705,0.07692307692307693,0.5,0.16666666666666666,0.011764705882352941,0.1111111111111111,0.3333333333333333,0.07142857142857142,0.25,0.05555555555555555,0.041666666666666664
Vehicle_4,9532149,205,0.05,0.058823529411764705,0.09090909090909091,0.14285714285714285,0.5,0.045454545454545456,0.05555555555555555,0.5,0.1,0.011764705882352941,0.16666666666666666,0.5,0.08333333333333333,0.5,0.07692307692307693,0.0625
Vehicle_4,9532149,206,0.05263157894736842,0.08333333333333333,0.1,0.14285714285714285,0.5,0.03225806451612903,0.05,0.5,0.09090909090909091,0.011764705882352941,0.5,0.25,0.05,0.3333333333333333,0.07142857142857142,0.05
Vehicle_4,9532149,207,0.05555555555555555,0.14285714285714285,0.1,0.25,0.5,0.041666666666666664,0.05263157894736842,0.5,0.09090909090909091,0.011764705882352941,0.5,0.5,0.045454545454545456,0.5,0.045454545454545456,0.034482758620689655
Vehicle_4,9532149,208,0.047619047619047616,0.0625,0.08333333333333333,0.14285714285714285,0.5,0.041666666666666664,0.047619047619047616,0.5,0.09090909090909091,0.011764705882352941,0.001142857142857143,0.00078064012490242,0.1111111111111111,0.0009587727708533077,0.043478260869565216,0.04
Vehicle_4,9532149,209,0.05555555555555555,0.1111111111111111,0.07142857142857142,0.125,0.5,0.043478260869565216,0.05,0.5,0.07142857142857142,0.011764705882352941,0.001142857142857143,0.00078064012490242,0.07142857142857142,0.0009587727708533077,0.041666666666666664,0.03571428571428571
Vehicle_4,9532149,210,0.058823529411764705,0.06666666666666667,0.1,0.125,0.5,0.041666666666666664,0.05555555555555555,0.5,0.1,0.011764705882352941,0.001142857142857143,0.00078064012490242,0.038461538461538464,0.0009587727708533077,0.05,0.038461538461538464
Vehicle_4,9532149,211,0.05555555555555555,0.07692307692307693,0.09090909090909091,0.16666666666666666,0.5,0.08333333333333333,0.1,0.5,0.09090909090909091,0.011764705882352941,0.3333333333333333,0.5,0.03225806451612903,0.0009587727708533077,0.047619047619047616,0.043478260869565216
Vehicle_4,9532149,212,0.06666666666666667,0.07692307692307693,0.2,0.25,0.5,0.058823529411764705,0.08333333333333333,0.5,0.09090909090909091,0.011764705882352941,0.3333333333333333,0.00078064012490242,0.07692307692307693,0.0009587727708533077,0.043478260869565216,0.03571428571428571
Vehicle_4,9532149,213,0.058823529411764705,0.07142857142857142,0.0625,0.1111111111111111,0.5,0.038461538461538464,0.047619047619047616,0.5,0.09090909090909091,0.011764705882352941,0.001142857142857143,0.00078064012490242,0.034482758620689655,0.0009587727708533077,0.047619047619047616,0.038461538461538464
Vehicle_4,9532149,214,0.05555555555555555,0.058823529411764705,0.14285714285714285,0.25,0.5,0.04,0.0625,0.5,0.07692307692307693,0.011764705882352941,0.25,0.00078064012490242,0.03225806451612903,0.0009587727708533077,0.0625,0.047619047619047616
Vehicle_4,9532149,215,0.06666666666666667,0.07142857142857142,0.14285714285714285,0.2,0.5,0.037037037037037035,0.047619047619047616,0.5,0.1,0.011764705882352941,0.5,0.3333333333333333,0.037037037037037035,0.0009587727708533077,0.058823529411764705,0.05
Vehicle_4,9532149,216,0.05555555555555555,0.058823529411764705,0.25,0.3333333333333333,0.5,0.043478260869565216,0.058823529411764705,0.5,0.09090909090909091,0.011764705882352941,0.001142857142857143,0.5,0.0625,0.0009587727708533077,0.05,0.038461538461538464
Vehicle_4,9532149,217,0.058823529411764705,0.07142857142857142,0.1111111111111111,0.3333333333333333,0.5,0.03571428571428571,0.05,0.5,0.14285714285714285,0.011764705882352941,0.001142857142857143,0.3333333333333333,0.058823529411764705,0.0009587727708533077,0.04,0.034482758620689655
Vehicle_4,9532149,218,0.0625,0.058823529411764705,0.07692307692307693,0.14285714285714285,0.5,0.043478260869565216,0.047619047619047616,0.5,0.125,0.011764705882352941,0.001142857142857143,0.3333333333333333,0.06666666666666667,0.0009587727708533077,0.058823529411764705,0.05
Vehicle_4,9532149,219,0.0625,0.08333333333333333,0.25,0.3333333333333333,0.5,0.05555555555555555,0.07142857142857142,0.5,0.058823529411764705,0.011764705882352941,0.3333333333333333,0.00078064012490242,0.058823529411764705,0.0009587727708533077,0.043478260869565216,0.03333333333333333
Vehicle_4,9532149,220,0.05555555555555555,0.06666666666666667,0.16666666666666666,0.3333333333333333,0.5,0.05555555555555555,0.07692307692307693,0.5,0.14285714285714285,0.011764705882352941,0.5,0.00078064012490242,0.05555555555555555,0.0009587727708533077,0.038461538461538464,0.037037037037037035
Vehicle_4,9532149,221,0.06666666666666667,0.06666666666666667,0.14285714285714285,0.25,0.5,0.05,0.05555555555555555,0.5,0.125,0.011764705882352941,0.001142857142857143,0.00078064012490242,0.037037037037037035,0.0009587727708533077,0.047619047619047616,0.034482758620689655
Vehicle_4,9532149,222,0.0625,0.07692307692307693,0.16666666666666666,0.25,0.5,0.06666666666666667,0.1,0.5,0.1111111111111111,0.011764705882352941,0.5,0.00078064012490242,0.037037037037037035,0.0009587727708533077,0.047619047619047616,0.043478260869565216
Vehicle_4,9532149,223,0.09090909090909091,0.07692307692307693,0.14285714285714285,0.25,0.5,0.047619047619047616,0.0625,0.5,0.125,0.011764705882352941,0.3333333333333333,0.5,0.03225806451612903,0.0009587727708533077,0.04,0.041666666666666664
Vehicle_4,9532149,224,0.058823529411764705,0.06666666666666667,0.25,0.5,0.5,0.043478260869565216,0.047619047619047616,0.5,0.16666666666666666,0.011764705882352941,0.5,0.5,0.038461538461538464,0.0009587727708533077,0.043478260869565216,0.045454545454545456
Vehicle_4,9532149,225,0.0625,0.06666666666666667,0.1,0.125,0.5,0.04,0.047619047619047616,0.5,0.14285714285714285,0.011764705882352941,0.001142857142857143,0.00078064012490242,0.037037037037037035,0.0009587727708533077,0.04,0.03571428571428571
Vehicle_4,9532149,226,0.08333333333333333,0.06666666666666667,0.1,0.3333333333333333,0.5,0.05263157894736842,0.06666666666666667,0.5,0.16666666666666666,0.011764705882352941,0.5,0.00078064012490242,0.03571428571428571,0.0009587727708533077,0.037037037037037035,0.03333333333333333
Vehicle_4,9532149,227,0.09090909090909091,0.05555555555555555,0.1,0.125,0.5,0.09090909090909091,0.1,0.5,0.1,0.011764705882352941,0.001142857142857143,0.00078064012490242,0.047619047619047616,0.0009587727708533077,0.047619047619047616,0.041666666666666664
Vehicle_4,9532149,228,0.08333333333333333,0.058823529411764705,0.1111111111111111,0.125,0.5,0.037037037037037035,0.047619047619047616,0.5,0.09090909090909091,0.011764705882352941,0.001142857142857143,0.00078064012490242,0.05263157894736842,0.0009587727708533077,0.047619047619047616,0.038461538461538464
Vehicle_4,9532149,229,0.09090909090909091,0.05555555555555555,0.08333333333333333,0.125,0.5,0.03571428571428571,0.05263157894736842,0.5,0.1111111111111111,0.011764705882352941,0.001142857142857143,0.00078064012490242,0.03225806451612903,0.0009587727708533077,0.047619047619047616,0.038461538461538464
Vehicle_4,9532149,230,0.08333333333333333,0.06666666666666667,0.09090909090909091,0.14285714285714285,0.5,0.06666666666666667,0.08333333333333333,0.5,0.16666666666666666,0.011764705882352941,0.001142857142857143,0.5,0.02631578947368421,0.0009587727708533077,0.043478260869565216,0.029411764705882353
Vehicle_4,9532149,231,0.07142857142857142,0.07142857142857142,0.16666666666666666,0.16666666666666666,0.5,0.05555555555555555,0.06666666666666667,0.5,0.16666666666666666,0.011764705882352941,0.5,0.00078064012490242,0.1111111111111111,0.0009587727708533077,0.037037037037037035,0.03333333333333333
Vehicle_4,9532149,232,0.09090909090909091,0.0625,0.5,0.0020833333333333333,0.5,0.058823529411764705,0.1,0.5,0.5,0.011764705882352941,0.001142857142857143,0.00078064012490242,0.034482758620689655,0.0009587727708533077,0.043478260869565216,0.038461538461538464
Vehicle_4,9532149,233,0.2,0.058823529411764705,0.25,0.25,0.5,0.058823529411764705,0.1,0.5,0.25,0.011764705882352941,0.5,0.5,0.037037037037037035,0.0009587727708533077,0.05,0.041666666666666664
Vehicle_4,9532149,234,0.06666666666666667,0.07142857142857142,0.2,0.25,0.5,0.043478260869565216,0.043478260869565216,0.5,0.1111111111111111,0.011764705882352941,0.5,0.00078064012490242,0.03125,0.5,0.047619047619047616,0.034482758620689655
Vehicle_4,9532149,235,0.09090909090909091,0.06666666666666667,0.25,0.25,0.5,0.041666666666666664,0.058823529411764705,0.5,0.16666666666666666,0.011764705882352941,0.001142857142857143,0.00078064012490242,0.03333333333333333,0.5,0.047619047619047616,0.043478260869565216
Vehicle_4,9532149,236,0.07142857142857142,0.09090909090909091,0.09090909090909091,0.2,0.5,0.0625,0.0625,0.5,0.1,0.011764705882352941,0.25,0.00078064012490242,0.024390243902439025,0.3333333333333333,0.043478260869565216,0.041666666666666664
Vehicle_4,9532149,237,0.05555555555555555,0.07142857142857142,0.14285714285714285,0.5,0.5,0.08333333333333333,0.1111111111111111,0.5,0.09090909090909091,0.011764705882352941,0.2,0.00078064012490242,0.030303030303030304,0.0009587727708533077,0.043478260869565216,0.038461538461538464
Vehicle_4,9532149,238,0.047619047619047616,0.125,0.1111111111111111,0.2,0.5,0.08333333333333333,0.16666666666666666,0.5,0.08333333333333333,0.011764705882352941,0.3333333333333333,0.3333333333333333,0.07142857142857142,0.0009587727708533077,0.043478260869565216,0.043478260869565216
Vehicle_4,9532149,239,0.05,0.07142857142857142,0.1111111111111111,0.2,0.5,0.05263157894736842,0.06666666666666667,0.5,0.125,0.011764705882352941,0.3333333333333333,0.5,0.037037037037037035,0.5,0.047619047619047616,0.038461538461538464
Vehicle_4,9532149,240,0.05,0.14285714285714285,0.2,0.2,0.5,0.0625,0.07692307692307693,0.5,0.09090909090909091,0.011764705882352941,0.3333333333333333,0.25,0.03571428571428571,0.0009587727708533077,0.05263157894736842,0.03571428571428571
Vehicle_4,9532149,241,0.05263157894736842,0.125,0.14285714285714285,0.5,0.5,0.05555555555555555,0.06666666666666667,0.5,0.08333333333333333,0.011764705882352941,0.16666666666666666,0.3333333333333333,0.034482758620689655,0.2,0.05,0.04
Vehicle_4,9532149,242,0.05,0.058823529411764705,0.16666666666666666,0.3333333333333333,0.5,0.05263157894736842,0.07692307692307693,0.5,0.05555555555555555,0.011764705882352941,0.08333333333333333,0.3333333333333333,0.029411764705882353,0.3333333333333333,0.04,0.041666666666666664
Vehicle_4,9532149,243,0.05263157894736842,0.06666666666666667,0.14285714285714285,0.3333333333333333,0.5,0.037037037037037035,0.043478260869565216,0.5,0.1111111111111111,0.011764705882352941,0.5,0.00078064012490242,0.043478260869565216,0.5,0.047619047619047616,0.037037037037037035
Vehicle_4,9532149,244,0.05,0.1111111111111111,0.08333333333333333,0.125,0.5,0.037037037037037035,0.05263157894736842,0.5,0.058823529411764705,0.011764705882352941,0.25,0.00078064012490242,0.030303030303030304,0.25,0.058823529411764705,0.05
Vehicle_4,9532149,245,0.05263157894736842,0.05263157894736842,0.05555555555555555,0.08333333333333333,0.5,0.03571428571428571,0.047619047619047616,0.5,0.07142857142857142,0.011764705882352941,0.07142857142857142,0.09090909090909091,0.03225806451612903,0.16666666666666666,0.03571428571428571,0.030303030303030304
Vehicle_4,9532149,246,0.05555555555555555,0.05555555555555555,0.05263157894736842,0.07142857142857142,0.5,0.037037037037037035,0.043478260869565216,0.5,0.047619047619047616,0.011764705882352941,0.043478260869565216,0.1,0.03125,0.07692307692307693,0.043478260869565216,0.03571428571428571
Vehicle_4,9532149,247,0.043478260869565216,0.07692307692307693,0.05263157894736842,0.08333333333333333,0.5,0.03125,0.038461538461538464,0.5,0.06666666666666667,0.011764705882352941,0.04,0.07692307692307693,0.03225806451612903,0.06666666666666667,0.03571428571428571,0.029411764705882353
Vehicle_4,9532149,248,0.045454545454545456,0.08333333333333333,0.038461538461538464,0.045454545454545456,0.5,0.03225806451612903,0.037037037037037035,0.5,0.04,0.011764705882352941,0.043478260869565216,0.0625,0.034482758620689655,0.125,0.058823529411764705,0.04
Vehicle_4,9532149,249,0.043478260869565216,0.09090909090909091,0.037037037037037035,0.045454545454545456,0.5,0.041666666666666664,0.05263157894736842,0.5,0.05263157894736842,0.011764705882352941,0.03571428571428571,0.07142857142857142,0.041666666666666664,0.07142857142857142,0.047619047619047616,0.037037037037037035
Vehicle_4,9532149,250,0.05263157894736842,0.0625,0.041666666666666664,0.058823529411764705,0.5,0.038461538461538464,0.045454545454545456,0.5,0.05555555555555555,0.011764705882352941,0.03571428571428571,0.08333333333333333,0.02564102564102564,0.1111111111111111,0.04,0.03225806451612903
Vehicle_4,9532149,251,0.05555555555555555,0.06666666666666667,0.043478260869565216,0.05263157894736842,0.5,0.030303030303030304,0.04,0.5,0.05263157894736842,0.011764705882352941,0.02631578947368421,0.047619047619047616,0.02631578947368421,0.05,0.05263157894736842,0.038461538461538464
Vehicle_4,9532149,252,0.058823529411764705,0.08333333333333333,0.047619047619047616,0.07692307692307693,0.5,0.038461538461538464,0.043478260869565216,0.5,0.05,0.011764705882352941,0.021739130434782608,0.043478260869565216,0.03225806451612903,0.045454545454545456,0.043478260869565216,0.04
Vehicle_4,9532149,253,0.0625,0.058823529411764705,0.043478260869565216,0.047619047619047616,0.5,0.05555555555555555,0.07692307692307693,0.5,0.045454545454545456,0.011764705882352941,0.024390243902439025,0.029411764705882353,0.024390243902439025,0.030303030303030304,0.05263157894736842,0.043478260869565216
Vehicle_4,9532149,254,0.05555555555555555,0.0625,0.03571428571428571,0.045454545454545456,0.5,0.07142857142857142,0.07692307692307693,0.5,0.058823529411764705,0.011764705882352941,0.037037037037037035,0.058823529411764705,0.02702702702702703,0.045454545454545456,0.047619047619047616,0.038461538461538464
Vehicle_4,9532149,255,0.05,0.058823529411764705,0.06666666666666667,0.07142857142857142,0.5,0.0625,0.07142857142857142,0.5,0.058823529411764705,0.011764705882352941,0.030303030303030304,0.038461538461538464,0.037037037037037035,0.038461538461538464,0.05263157894736842,0.038461538461538464
Vehicle_4,9532149,256,0.047619047619047616,0.07142857142857142,0.05263157894736842,0.05555555555555555,0.5,0.05555555555555555,0.09090909090909091,0.5,0.05,0.011764705882352941,0.03125,0.047619047619047616,0.034482758620689655,0.047619047619047616,0.05555555555555555,0.037037037037037035
Vehicle_4,9532149,257,0.05,0.08333333333333333,0.05263157894736842,0.0625,0.5,0.03571428571428571,0.05263157894736842,0.5,0.045454545454545456,0.011764705882352941,0.02857142857142857,0.041666666666666664,0.030303030303030304,0.043478260869565216,0.018518518518518517,0.016666666666666666
Vehicle_4,9532149,258,0.058823529411764705,0.07142857142857142,0.047619047619047616,0.07142857142857142,0.5,0.030303030303030304,0.04,0.5,0.047619047619047616,0.011764705882352941,0.02631578947368421,0.034482758620689655,0.02631578947368421,0.043478260869565216,0.038461538461538464,0.027777777777777776
Vehicle_4,9532149,259,0.058823529411764705,0.16666666666666666,0.06666666666666667,0.07142857142857142,0.5,0.038461538461538464,0.043478260869565216,0.5,0.041666666666666664,0.011764705882352941,0.02631578947368421,0.03225806451612903,0.03333333333333333,0.034482758620689655,0.07692307692307693,0.045454545454545456
Vehicle_4,9532149,260,0.058823529411764705,0.1,0.05,0.0625,0.5,0.038461538461538464,0.05263157894736842,0.5,0.05263157894736842,0.011764705882352941,0.02857142857142857,0.03225806451612903,0.037037037037037035,0.034482758620689655,0.05,0.038461538461538464
Vehicle_4,9532149,261,0.05263157894736842,0.0625,0.05263157894736842,0.06666666666666667,0.5,0.03225806451612903,0.04,0.5,0.047619047619047616,0.011764705882352941,0.03125,0.037037037037037035,0.03225806451612903,0.041666666666666664,0.047619047619047616,0.037037037037037035
Vehicle_4,9532149,262,0.047619047619047616,0.0625,0.03125,0.043478260869565216,0.5,0.045454545454545456,0.06666666666666667,0.5,0.05263157894736842,0.011764705882352941,0.04,0.0625,0.03571428571428571,0.1111111111111111,0.047619047619047616,0.037037037037037035
Vehicle_4,9532149,263,0.047619047619047616,0.058823529411764705,0.04,0.047619047619047616,0.5,0.058823529411764705,0.07692307692307693,0.5,0.043478260869565216,0.011764705882352941,0.02631578947368421,0.05,0.030303030303030304,0.041666666666666664,0.05,0.045454545454545456
Vehicle_4,9532149,264,0.058823529411764705,0.09090909090909091,0.041666666666666664,0.05263157894736842,0.5,0.03571428571428571,0.045454545454545456,0.5,0.047619047619047616,0.011764705882352941,0.022727272727272728,0.03225806451612903,0.023809523809523808,0.05263157894736842,0.05263157894736842,0.045454545454545456
Vehicle_4,9532149,265,0.058823529411764705,0.058823529411764705,0.05263157894736842,0.05555555555555555,0.5,0.03225806451612903,0.04,0.5,0.047619047619047616,0.011764705882352941,0.03225806451612903,0.1111111111111111,0.037037037037037035,0.058823529411764705,0.047619047619047616,0.037037037037037035
Vehicle_4,9532149,266,0.058823529411764705,0.06666666666666667,0.05263157894736842,0.06666666666666667,0.5,0.03225806451612903,0.04,0.5,0.047619047619047616,0.011764705882352941,0.023809523809523808,0.03225806451612903,0.022727272727272728,0.058823529411764705,0.047619047619047616,0.037037037037037035
Vehicle_4,9532149,267,0.05263157894736842,0.0625,0.03571428571428571,0.05,0.5,0.037037037037037035,0.047619047619047616,0.5,0.047619047619047616,0.011764705882352941,0.02857142857142857,0.034482758620689655,0.02857142857142857,0.047619047619047616,0.05263157894736842,0.034482758620689655
Vehicle_4,9532149,268,0.047619047619047616,0.1,0.038461538461538464,0.043478260869565216,0.5,0.0625,0.08333333333333333,0.5,0.05555555555555555,0.011764705882352941,0.02631578947368421,0.038461538461538464,0.02564102564102564,0.037037037037037035,0.043478260869565216,0.03571428571428571
Vehicle_4,9532149,269,0.047619047619047616,0.07142857142857142,0.04,0.047619047619047616,0.5,0.058823529411764705,0.07692307692307693,0.5,0.047619047619047616,0.011764705882352941,0.02631578947368421,0.047619047619047616,0.029411764705882353,0.047619047619047616,0.09090909090909091,0.05263157894736842
Vehicle_4,9532149,270,0.047619047619047616,0.09090909090909091,0.04,0.05263157894736842,0.5,0.03125,0.038461538461538464,0.5,0.047619047619047616,0.011764705882352941,0.02702702702702703,0.05263157894736842,0.024390243902439025,0.05,0.045454545454545456,0.034482758620689655
Vehicle_4,9532149,271,0.058823529411764705,0.09090909090909091,0.05555555555555555,0.058823529411764705,0.5,0.037037037037037035,0.05263157894736842,0.5,0.041666666666666664,0.011764705882352941,0.03125,0.03571428571428571,0.02857142857142857,0.043478260869565216,0.07692307692307693,0.05555555555555555
Vehicle_4,9532149,272,0.05263157894736842,0.06666666666666667,0.058823529411764705,0.0625,0.5,0.041666666666666664,0.047619047619047616,0.5,0.034482758620689655,0.011764705882352941,0.029411764705882353,0.041666666666666664,0.03571428571428571,0.04,0.08333333333333333,0.047619047619047616
Vehicle_4,9532149,273,0.047619047619047616,0.06666666666666667,0.02702702702702703,0.034482758620689655,0.5,0.038461538461538464,0.045454545454545456,0.5,0.04,0.011764705882352941,0.03125,0.038461538461538464,0.037037037037037035,0.0625,0.05555555555555555,0.038461538461538464
Vehicle_4,9532149,274,0.047619047619047616,0.14285714285714285,0.03571428571428571,0.05555555555555555,0.5,0.05,0.058823529411764705,0.5,0.047619047619047616,0.011764705882352941,0.02631578947368421,0.03333333333333333,0.023255813953488372,0.047619047619047616,0.1111111111111111,0.06666666666666667
Vehicle_4,9532149,275,0.047619047619047616,0.125,0.041666666666666664,0.043478260869565216,0.5,0.038461538461538464,0.047619047619047616,0.5,0.05555555555555555,0.011764705882352941,0.034482758620689655,0.04,0.029411764705882353,0.045454545454545456,0.0625,0.043478260869565216
Vehicle_4,9532149,276,0.047619047619047616,0.14285714285714285,0.043478260869565216,0.05263157894736842,0.5,0.05,0.058823529411764705,0.5,0.043478260869565216,0.011764705882352941,0.037037037037037035,0.03225806451612903,0.030303030303030304,0.037037037037037035,0.14285714285714285,0.08333333333333333
Vehicle_4,9532149,277,0.047619047619047616,0.14285714285714285,0.047619047619047616,0.05,0.5,0.047619047619047616,0.05555555555555555,0.5,0.037037037037037035,0.011764705882352941,0.03571428571428571,0.14285714285714285,0.05263157894736842,0.1111111111111111,0.05555555555555555,0.045454545454545456
Vehicle_4,9532149,278,0.047619047619047616,0.2,0.037037037037037035,0.05263157894736842,0.5,0.03225806451612903,0.03571428571428571,0.5,0.034482758620689655,0.011764705882352941,0.037037037037037035,0.04,0.03225806451612903,0.047619047619047616,0.25,0.05
Vehicle_4,9532149,279,0.047619047619047616,0.16666666666666666,0.047619047619047616,0.043478260869565216,0.5,0.03571428571428571,0.05,0.5,0.04,0.011764705882352941,0.043478260869565216,0.058823529411764705,0.05263157894736842,0.07692307692307693,0.05263157894736842,0.05
Vehicle_4,9532149,280,0.047619047619047616,0.09090909090909091,0.0625,0.07142857142857142,0.5,0.041666666666666664,0.047619047619047616,0.5,0.041666666666666664,0.011764705882352941,0.038461538461538464,0.034482758620689655,0.03571428571428571,0.045454545454545456,0.06666666666666667,0.045454545454545456
Vehicle_4,9532149,281,0.047619047619047616,0.06666666666666667,0.045454545454545456,0.07142857142857142,0.5,0.047619047619047616,0.05555555555555555,0.5,0.037037037037037035,0.011764705882352941,0.034482758620689655,0.043478260869565216,0.03333333333333333,0.05263157894736842,0.058823529411764705,0.041666666666666664
Vehicle_4,9532149,282,0.05555555555555555,0.07142857142857142,0.05263157894736842,0.06666666666666667,0.5,0.03225806451612903,0.03571428571428571,0.5,0.04,0.011764705882352941,0.03225806451612903,0.04,0.041666666666666664,0.045454545454545456,0.05555555555555555,0.037037037037037035
Vehicle_4,9532149,283,0.0625,0.058823529411764705,0.047619047619047616,0.0625,0.5,0.045454545454545456,0.05263157894736842,0.5,0.05263157894736842,0.011764705882352941,0.027777777777777776,0.04,0.023255813953488372,0.045454545454545456,0.058823529411764705,0.05
Vehicle_4,9532149,284,0.058823529411764705,0.07142857142857142,0.03571428571428571,0.047619047619047616,0.5,0.05,0.058823529411764705,0.5,0.04,0.011764705882352941,0.034482758620689655,0.03225806451612903,0.025,0.037037037037037035,0.05555555555555555,0.043478260869565216
Vehicle_4,9532149,285,0.05263157894736842,0.07692307692307693,0.03333333333333333,0.05,0.5,0.07142857142857142,0.08333333333333333,0.5,0.037037037037037035,0.011764705882352941,0.04,0.03571428571428571,0.027777777777777776,0.037037037037037035,0.07142857142857142,0.043478260869565216
Vehicle_4,9532149,286,0.047619047619047616,0.06666666666666667,0.045454545454545456,0.041666666666666664,0.5,0.05555555555555555,0.0625,0.5,0.043478260869565216,0.011764705882352941,0.038461538461538464,0.07692307692307693,0.09090909090909091,0.1111111111111111,0.06666666666666667,0.045454545454545456
Vehicle_4,9532149,287,0.058823529411764705,0.058823529411764705,0.05555555555555555,0.07142857142857142,0.5,0.05555555555555555,0.06666666666666667,0.5,0.041666666666666664,0.011764705882352941,0.03125,0.0625,0.058823529411764705,0.07142857142857142,0.05555555555555555,0.03571428571428571
Vehicle_4,9532149,288,0.05263157894736842,0.07142857142857142,0.0625,0.07692307692307693,0.5,0.037037037037037035,0.05,0.5,0.05263157894736842,0.011764705882352941,0.03125,0.043478260869565216,0.037037037037037035,0.05263157894736842,0.043478260869565216,0.038461538461538464
Vehicle_4,9532149,289,0.047619047619047616,0.07142857142857142,0.058823529411764705,0.07692307692307693,0.5,0.041666666666666664,0.05263157894736842,0.5,0.05555555555555555,0.011764705882352941,0.04,0.043478260869565216,0.038461538461538464,0.05555555555555555,0.05263157894736842,0.045454545454545456
Vehicle_4,9532149,290,0.058823529411764705,0.058823529411764705,0.047619047619047616,0.0625,0.5,0.038461538461538464,0.047619047619047616,0.5,0.041666666666666664,0.011764705882352941,0.25,0.00078064012490242,0.0014265335235378032,0.0009587727708533077,0.0625,0.043478260869565216
Vehicle_4,9532149,291,0.058823529411764705,0.08333333333333333,0.04,0.041666666666666664,0.5,0.058823529411764705,0.06666666666666667,0.5,0.03125,0.011764705882352941,0.1111111111111111,0.00078064012490242,0.0014265335235378032,0.0009587727708533077,0.045454545454545456,0.034482758620689655
Vehicle_4,9532149,292,0.058823529411764705,0.07142857142857142,0.03571428571428571,0.047619047619047616,0.5,0.058823529411764705,0.07142857142857142,0.5,0.037037037037037035,0.011764705882352941,0.034482758620689655,0.03225806451612903,0.037037037037037035,0.034482758620689655,0.0625,0.041666666666666664
Vehicle_4,9532149,293,0.058823529411764705,0.08333333333333333,0.04,0.045454545454545456,0.5,0.05263157894736842,0.0625,0.5,0.04,0.011764705882352941,0.043478260869565216,0.02564102564102564,0.023255813953488372,0.03333333333333333,0.06666666666666667,0.05
Vehicle_4,9532149,294,0.05263157894736842,0.2,0.07142857142857142,0.08333333333333333,0.5,0.047619047619047616,0.07142857142857142,0.5,0.037037037037037035,0.011764705882352941,0.125,0.2,0.14285714285714285,0.25,0.14285714285714285,0.06666666666666667
Vehicle_4,9532149,295,0.05263157894736842,0.5,0.05555555555555555,0.06666666666666667,0.5,0.07142857142857142,0.09090909090909091,0.5,0.04,0.011764705882352941,0.07142857142857142,0.00078064012490242,0.25,0.5,0.0625,0.041666666666666664
Vehicle_4,9532149,296,0.047619047619047616,0.1111111111111111,0.0625,0.07692307692307693,0.5,0.058823529411764705,0.07692307692307693,0.5,0.041666666666666664,0.011764705882352941,0.04,0.08333333333333333,0.125,0.09090909090909091,0.06666666666666667,0.038461538461538464
Vehicle_4,9532149,297,0.05263157894736842,0.14285714285714285,0.04,0.037037037037037035,0.5,0.047619047619047616,0.07142857142857142,0.5,0.045454545454545456,0.011764705882352941,0.07692307692307693,0.1111111111111111,0.0625,0.1111111111111111,0.058823529411764705,0.04
Vehicle_4,9532149,298,0.05555555555555555,0.09090909090909091,0.05555555555555555,0.07692307692307693,0.5,0.05263157894736842,0.05263157894736842,0.5,0.05,0.011764705882352941,0.038461538461538464,0.041666666666666664,0.03571428571428571,0.05,0.09090909090909091,0.05
Vehicle_4,9532149,299,0.05,0.0625,0.07142857142857142,0.07142857142857142,0.5,0.03571428571428571,0.047619047619047616,0.5,0.047619047619047616,0.011764705882352941,0.05,0.02857142857142857,0.02631578947368421,0.03125,0.09090909090909091,0.043478260869565216
Vehicle_4,9532149,300,0.05555555555555555,0.2,0.034482758620689655,0.02127659574468085,0.5,0.03571428571428571,0.045454545454545456,0.5,0.038461538461538464,0.011764705882352941,0.034482758620689655,0.05,0.03571428571428571,0.045454545454545456,0.0125,0.017543859649122806
Vehicle_4,9532149,301,0.05555555555555555,0.05555555555555555,0.0625,0.06666666666666667,0.5,0.05555555555555555,0.09090909090909091,0.5,0.05263157894736842,0.011764705882352941,0.047619047619047616,0.05,0.02857142857142857,0.034482758620689655,0.0625,0.027777777777777776
Vehicle_4,9532149,302,0.06666666666666667,0.07692307692307693,0.045454545454545456,0.08333333333333333,0.5,0.07142857142857142,0.09090909090909091,0.5,0.041666666666666664,0.011764705882352941,0.05263157894736842,0.1,0.038461538461538464,0.07142857142857142,0.3333333333333333,0.07692307692307693
Vehicle_4,9532149,303,0.06666666666666667,0.3333333333333333,0.045454545454545456,0.047619047619047616,0.5,0.05,0.07142857142857142,0.5,0.05,0.011764705882352941,0.05263157894736842,0.038461538461538464,0.037037037037037035,0.05,0.25,0.09090909090909091
Vehicle_4,9532149,304,0.06666666666666667,0.08333333333333333,0.05555555555555555,0.045454545454545456,0.5,0.04,0.05263157894736842,0.5,0.06666666666666667,0.011764705882352941,0.043478260869565216,0.045454545454545456,0.029411764705882353,0.03333333333333333,0.05555555555555555,0.03125
Vehicle_4,9532149,305,0.058823529411764705,0.07142857142857142,0.05263157894736842,0.045454545454545456,0.5,0.037037037037037035,0.05263157894736842,0.5,0.045454545454545456,0.011764705882352941,0.047619047619047616,0.037037037037037035,0.03225806451612903,0.041666666666666664,0.0625,0.027777777777777776
Vehicle_4,9532149,306,0.058823529411764705,0.07142857142857142,0.07142857142857142,0.08333333333333333,0.5,0.041666666666666664,0.05263157894736842,0.5,0.05263157894736842,0.011764705882352941,0.041666666666666664,0.03571428571428571,0.029411764705882353,0.030303030303030304,0.05263157894736842,0.038461538461538464
Vehicle_4,9532149,307,0.1,0.14285714285714285,0.058823529411764705,0.0625,0.5,0.043478260869565216,0.05263157894736842,0.5,0.05263157894736842,0.011764705882352941,0.03225806451612903,0.03225806451612903,0.03571428571428571,0.034482758620689655,0.3333333333333333,0.1
Vehicle_4,9532149,308,0.08333333333333333,0.16666666666666666,,,,,,,,,,,,,,
