vehicle,ride,pos,speed_probs_zero,direction_probs_zero,longitude_abs_probs_zero,longitude_probs_zero,longitude_dir_probs_zero,latitude_abs_probs_zero,latitude_probs_zero,latitude_dir_probs_zero,distance_probs_zero,speed_alternative_probs_zero,x_speed_alternative_probs_zero,x_speed_no_abs_alternative_probs_zero,y_speed_alternative_probs_zero,y_speed_no_abs_alternative_probs_zero,direction_alternative_probs_zero,direction_abs_alternative_probs_zero,speed_probs_max,direction_probs_max,longitude_abs_probs_max,longitude_probs_max,longitude_dir_probs_max,latitude_abs_probs_max,latitude_probs_max,latitude_dir_probs_max,distance_probs_max,speed_alternative_probs_max,x_speed_alternative_probs_max,x_speed_no_abs_alternative_probs_max,y_speed_alternative_probs_max,y_speed_no_abs_alternative_probs_max,direction_alternative_probs_max,direction_abs_alternative_probs_max
Vehicle_11,8354807,0,0.01229761743092964,0.0026405926998928674,0.021317956336715935,0.01083272480044318,0.5329035832095284,0.035318409588799636,0.017787626218114975,0.49250875028328256,0.007544129126482512,0.004038979679198248,0.025502983909551028,0.013053660010575882,0.0435323445723063,0.02148918490166948,0.005469241809986654,0.01026364162868582,0.01229761743092964,0.0026405926998928674,0.021317956336715935,0.01083272480044318,0.5329035832095284,0.035318409588799636,0.017787626218114975,0.49250875028328256,0.007544129126482512,0.004038979679198248,0.025502983909551028,0.013053660010575882,0.0435323445723063,0.02148918490166948,0.005469241809986654,0.01026364162868582
Vehicle_11,8354807,1,0.6987099459009571,0.1297709923664122,0.2105638829407566,0.10659186535764376,0.9624146216865647,0.2246740220661986,0.14691673770957658,0.951679790295,0.44429347826086957,0.21706398996235884,0.23367083581496922,0.16589147286821707,0.26676740671858656,0.19820881451802969,0.13863216266173753,0.12844488188976377,0.6987099459009571,0.1297709923664122,0.2105638829407566,0.10659186535764376,0.9624146216865647,0.2246740220661986,0.14691673770957658,0.951679790295,0.44429347826086957,0.21706398996235884,0.23367083581496922,0.16589147286821707,0.26676740671858656,0.19820881451802969,0.13863216266173753,0.12844488188976377
Vehicle_11,8354807,2,0.1278648974668275,1e-20,0.1232876712328767,0.0752212389380531,0.9674124800755652,0.24358974358974358,0.32233009708737864,0.9585474366846567,0.0662557781201849,1e-20,0.16197783461210571,0.17370892018779344,0.07314936487078405,0.17625899280575538,1e-20,1e-20,0.1278648974668275,0.014705882352941176,0.1232876712328767,0.0752212389380531,0.9674124800755652,0.24358974358974358,0.32233009708737864,0.9585474366846567,0.0662557781201849,0.744270205066345,0.16197783461210571,0.17370892018779344,0.07314936487078405,0.17625899280575538,0.013422818791946308,0.007692307692307693
Vehicle_11,8354807,3,0.3022598870056497,1e-20,0.13729977116704806,0.1625,0.9674124800755652,0.33796791443850266,0.33811475409836067,0.9585474366846567,0.022222222222222223,1e-20,0.010296010296010296,1e-20,0.14035087719298245,1e-20,1e-20,1e-20,0.3022598870056497,0.16666666666666666,0.13729977116704806,0.1625,0.9674124800755652,0.33796791443850266,0.33811475409836067,0.9585474366846567,0.022222222222222223,0.744270205066345,0.010296010296010296,0.009615384615384616,0.14035087719298245,0.0016025641025641025,0.25,0.2857142857142857
Vehicle_11,8354807,4,0.21534653465346534,0.045454545454545456,0.06944444444444445,0.049689440993788817,0.9674124800755652,0.2624750499001996,0.2023121387283237,0.9585474366846567,0.18421052631578946,1e-20,1e-20,1e-20,0.15488215488215487,1e-20,1e-20,0.01639344262295082,0.21534653465346534,0.045454545454545456,0.06944444444444445,0.049689440993788817,0.9674124800755652,0.2624750499001996,0.2023121387283237,0.9585474366846567,0.18421052631578946,0.744270205066345,0.027777777777777776,0.1111111111111111,0.15488215488215487,0.2,0.047619047619047616,0.01639344262295082
Vehicle_11,8354807,5,0.41973684210526313,1e-20,0.2568306010928962,0.28125,0.9674124800755652,0.15910676901605025,0.14705882352941177,0.9585474366846567,0.14655172413793102,1e-20,0.06756756756756757,0.014285714285714285,0.20658436213991768,0.01020408163265306,1e-20,0.10810810810810811,0.41973684210526313,0.10526315789473684,0.2568306010928962,0.28125,0.9674124800755652,0.15910676901605025,0.14705882352941177,0.9585474366846567,0.14655172413793102,0.744270205066345,0.06756756756756757,0.014285714285714285,0.20658436213991768,0.01020408163265306,0.09090909090909091,0.10810810810810811
Vehicle_11,8354807,6,0.4741089441829186,0.14285714285714285,0.2826666666666667,0.2872340425531915,0.9674124800755652,0.21006289308176102,0.19160104986876642,0.9585474366846567,0.14655172413793102,1e-20,0.061371841155234655,0.18518518518518517,0.23950617283950618,0.1347517730496454,0.010416666666666666,0.008695652173913044,0.4741089441829186,0.14285714285714285,0.2826666666666667,0.2872340425531915,0.9674124800755652,0.21006289308176102,0.19160104986876642,0.9585474366846567,0.14655172413793102,0.744270205066345,0.061371841155234655,0.18518518518518517,0.23950617283950618,0.1347517730496454,0.010416666666666666,0.008695652173913044
Vehicle_11,8354807,7,0.19704102219233355,1e-20,1e-20,1e-20,0.9674124800755652,1e-20,1e-20,0.9585474366846567,1e-20,1e-20,0.09293680297397769,0.06481481481481481,0.04369854338188727,0.11347517730496454,1e-20,1e-20,0.19704102219233355,0.030303030303030304,0.002652519893899204,0.005263157894736842,0.9674124800755652,0.003169572107765452,0.003115264797507788,0.9585474366846567,0.008620689655172414,0.744270205066345,0.09293680297397769,0.06481481481481481,0.04369854338188727,0.11347517730496454,0.07692307692307693,0.03571428571428571
Vehicle_11,8354807,8,0.5389696169088507,1e-20,0.034482758620689655,1e-20,0.9674124800755652,0.1,0.2,0.9585474366846567,0.007136202251152015,1e-20,0.058823529411764705,0.024691358024691357,0.0661764705882353,0.034482758620689655,0.5,0.5,0.5389696169088507,0.043478260869565216,0.034482758620689655,0.1,0.9674124800755652,0.1,0.2,0.9585474366846567,1.0,0.744270205066345,0.058823529411764705,0.024691358024691357,0.0661764705882353,0.034482758620689655,0.5,0.5
Vehicle_11,8354807,9,0.5443753533069531,0.0019615831484918445,1e-20,1e-20,0.9674124800755652,0.07407407407407407,1e-20,0.9585474366846567,0.003414499030544154,1e-20,0.1865079365079365,0.14754098360655737,0.19911504424778761,0.11827956989247312,0.16666666666666666,0.14285714285714285,0.5443753533069531,1.0,0.07142857142857142,0.14285714285714285,0.9674124800755652,0.07407407407407407,0.09090909090909091,0.9585474366846567,1.0,0.744270205066345,0.1865079365079365,0.14754098360655737,0.19911504424778761,0.11827956989247312,0.16666666666666666,0.14285714285714285
Vehicle_11,8354807,10,0.5443753533069531,1e-20,0.23013698630136986,0.22413793103448276,0.9674124800755652,0.07101568951279934,0.06666666666666667,0.9585474366846567,0.09523809523809523,1e-20,0.02830188679245283,0.04,0.08442776735459662,0.04395604395604396,1e-20,1e-20,0.5443753533069531,0.5,0.23013698630136986,0.22413793103448276,0.9674124800755652,0.07101568951279934,0.06666666666666667,0.9585474366846567,0.09523809523809523,0.744270205066345,0.02830188679245283,0.04,0.08442776735459662,0.04395604395604396,0.03571428571428571,0.017241379310344827
Vehicle_11,8354807,11,0.04522328999434709,1e-20,0.22356495468277945,0.24848484848484848,0.03258751992443474,0.09072164948453608,0.0958904109589041,0.9585474366846567,0.0547945205479452,1e-20,0.15584415584415584,1e-20,0.002145922746781116,1e-20,0.2857142857142857,0.2222222222222222,0.04522328999434709,0.5,0.22356495468277945,0.24848484848484848,0.03258751992443474,0.09072164948453608,0.0958904109589041,0.9585474366846567,0.0547945205479452,0.744270205066345,0.15584415584415584,0.013513513513513514,0.002145922746781116,0.007142857142857143,0.2857142857142857,0.2222222222222222
Vehicle_11,8354807,12,0.29,1e-20,0.061068702290076333,0.03015075376884422,0.1486725663716814,0.164021164021164,0.14606741573033707,0.9585474366846567,0.06578947368421052,1e-20,0.058823529411764705,1e-20,0.043478260869565216,0.05263157894736842,1e-20,1e-20,0.29,0.5,0.061068702290076333,0.03015075376884422,0.1486725663716814,0.164021164021164,0.14606741573033707,0.9585474366846567,0.06578947368421052,0.744270205066345,0.058823529411764705,0.09090909090909091,0.043478260869565216,0.05263157894736842,0.0625,0.0425531914893617
Vehicle_11,8354807,13,0.03693728357060408,1e-20,0.05263157894736842,0.05194805194805195,0.8374371859296482,0.16099476439790575,0.16138328530259366,0.9585474366846567,0.06103286384976526,1e-20,0.05527638190954774,0.010869565217391304,0.051094890510948905,0.011363636363636364,0.1,0.05263157894736842,0.03693728357060408,0.08333333333333333,0.05263157894736842,0.05194805194805195,0.8374371859296482,0.16099476439790575,0.16138328530259366,0.9585474366846567,0.06103286384976526,0.744270205066345,0.05527638190954774,0.010869565217391304,0.051094890510948905,0.011363636363636364,0.1,0.05263157894736842
Vehicle_11,8354807,14,0.16793893129770993,1e-20,0.03932584269662921,0.02631578947368421,0.9674124800755652,0.020858895705521473,0.026954177897574125,0.9585474366846567,0.10778443113772455,1e-20,0.010526315789473684,0.05454545454545454,0.05555555555555555,0.09302325581395349,1e-20,1e-20,0.16793893129770993,0.3333333333333333,0.03932584269662921,0.02631578947368421,0.9674124800755652,0.020858895705521473,0.026954177897574125,0.9585474366846567,0.10778443113772455,0.744270205066345,0.010526315789473684,0.05454545454545454,0.05555555555555555,0.09302325581395349,0.05,0.02857142857142857
Vehicle_11,8354807,15,0.2529498525073746,1e-20,0.022222222222222223,0.05263157894736842,0.9674124800755652,0.04,0.05511811023622047,0.9585474366846567,0.005,1e-20,1e-20,1e-20,0.03389830508474576,0.012345679012345678,0.5,0.125,0.2529498525073746,0.08333333333333333,0.022222222222222223,0.05263157894736842,0.9674124800755652,0.04,0.05511811023622047,0.9585474366846567,0.005,0.744270205066345,0.017857142857142856,0.009615384615384616,0.03389830508474576,0.012345679012345678,0.5,0.125
Vehicle_11,8354807,16,0.0028530670470756064,1e-20,0.045454545454545456,1e-20,0.9674124800755652,0.17261904761904762,0.174496644295302,0.9585474366846567,0.2,1e-20,0.13043478260869565,0.15384615384615385,0.06532663316582915,0.0625,0.07692307692307693,0.07407407407407407,0.0028530670470756064,0.5,0.045454545454545456,0.2,0.9674124800755652,0.17261904761904762,0.174496644295302,0.9585474366846567,0.2,0.744270205066345,0.13043478260869565,0.15384615384615385,0.06532663316582915,0.0625,0.07692307692307693,0.07407407407407407
Vehicle_11,8354807,17,0.0967741935483871,0.0037119188809922594,0.1016949152542373,0.09090909090909091,0.9674124800755652,0.1803921568627451,0.17613636363636365,0.9585474366846567,0.05405405405405406,1e-20,1e-20,1e-20,0.05641025641025641,1e-20,1e-20,0.022222222222222223,0.0967741935483871,1.0,0.1016949152542373,0.09090909090909091,0.9674124800755652,0.1803921568627451,0.17613636363636365,0.9585474366846567,0.05405405405405406,0.744270205066345,0.010869565217391304,0.02857142857142857,0.05641025641025641,0.043478260869565216,0.09523809523809523,0.022222222222222223
Vehicle_11,8354807,18,0.17633928571428573,1e-20,1e-20,1e-20,0.9674124800755652,0.06698564593301436,0.05722070844686648,0.9585474366846567,1e-20,1e-20,1e-20,0.011331302092513786,0.021897810218978103,0.007715357691436053,0.02857142857142857,0.047619047619047616,0.17633928571428573,0.25,0.08,0.09523809523809523,0.9674124800755652,0.06698564593301436,0.05722070844686648,0.9585474366846567,0.03333333333333333,0.744270205066345,0.125,1.0,0.021897810218978103,0.3333333333333333,0.02857142857142857,0.047619047619047616
Vehicle_11,8354807,19,0.03588516746411483,1e-20,1e-20,1e-20,0.9674124800755652,0.13392857142857142,0.1342281879194631,0.9585474366846567,0.029411764705882353,1e-20,0.0019086948858056557,0.0009467932415078185,1e-20,0.0007806008108176164,1e-20,0.037037037037037035,0.03588516746411483,0.02857142857142857,0.02040816326530612,0.041666666666666664,0.9674124800755652,0.13392857142857142,0.1342281879194631,0.9585474366846567,0.029411764705882353,0.744270205066345,1.0,1.0,0.011235955056179775,1.0,0.09090909090909091,0.037037037037037035
Vehicle_11,8354807,20,0.003194888178913738,0.10526315789473684,1e-20,1e-20,0.9674124800755652,0.08957055214723926,0.0646900269541779,0.9585474366846567,1e-20,1e-20,0.002296477224082794,0.0009870823156145343,1e-20,0.0008057814821343137,0.03636363636363636,0.025210084033613446,0.003194888178913738,0.10526315789473684,0.14285714285714285,0.25,0.9674124800755652,0.08957055214723926,0.0646900269541779,0.9585474366846567,0.15384615384615385,0.744270205066345,1.0,1.0,0.3333333333333333,1.0,0.03636363636363636,0.025210084033613446
Vehicle_11,8354807,21,0.1038961038961039,1e-20,0.2222222222222222,1e-20,0.9674124800755652,0.03488372093023256,0.028985507246376812,0.9585474366846567,1e-20,1e-20,1e-20,1e-20,1e-20,1e-20,0.041666666666666664,0.1276595744680851,0.1038961038961039,0.017857142857142856,0.2222222222222222,0.25,0.9674124800755652,0.03488372093023256,0.028985507246376812,0.9585474366846567,0.14285714285714285,0.744270205066345,0.2,1.0,0.03333333333333333,1.0,0.041666666666666664,0.1276595744680851
Vehicle_11,8354807,22,0.14960629921259844,1e-20,0.08571428571428572,0.1875,0.9674124800755652,0.13592233009708737,0.16216216216216217,0.9585474366846567,0.04,1e-20,1e-20,1e-20,0.07142857142857142,1e-20,0.03773584905660377,0.06557377049180328,0.14960629921259844,0.25,0.08571428571428572,0.1875,0.9674124800755652,0.13592233009708737,0.16216216216216217,0.9585474366846567,0.04,0.744270205066345,0.16666666666666666,0.5,0.07142857142857142,0.3333333333333333,0.03773584905660377,0.06557377049180328
Vehicle_11,8354807,23,0.0975609756097561,1e-20,1e-20,1e-20,0.9674124800755652,0.0009000900090009,1e-20,0.9585474366846567,1e-20,1e-20,1e-20,1e-20,0.0205761316872428,1e-20,1e-20,0.006153846153846154,0.0975609756097561,0.0625,0.03225806451612903,0.0625,0.9674124800755652,0.0009000900090009,0.004357298474945534,0.9585474366846567,0.037037037037037035,0.744270205066345,0.1,0.2,0.0205761316872428,0.5,0.007194244604316547,0.006153846153846154
Vehicle_11,8354807,24,0.0223463687150838,1e-20,1e-20,1e-20,0.9674124800755652,0.0625,1e-20,0.9585474366846567,1e-20,1e-20,1e-20,1e-20,1e-20,0.002417344446402941,1e-20,0.037037037037037035,0.0223463687150838,0.1111111111111111,0.07692307692307693,0.125,0.9674124800755652,0.0625,0.08333333333333333,0.9585474366846567,0.08333333333333333,0.744270205066345,0.14285714285714285,0.3333333333333333,0.01904761904761905,1.0,0.06666666666666667,0.037037037037037035
Vehicle_11,8354807,25,0.16,0.002982612325783753,1e-20,1e-20,0.9674124800755652,1e-20,1e-20,0.9585474366846567,0.009765064336615214,1e-20,1e-20,1e-20,1e-20,1e-20,1e-20,1e-20,0.16,0.16666666666666666,0.3333333333333333,0.5,0.9674124800755652,0.011764705882352941,0.02040816326530612,0.9585474366846567,1.0,0.744270205066345,0.125,0.25,0.058823529411764705,0.3333333333333333,0.5,0.25
Vehicle_11,8354807,26,0.14084507042253522,1e-20,0.014084507042253521,1e-20,0.9674124800755652,1e-20,1e-20,0.9585474366846567,1e-20,1e-20,1e-20,1e-20,1e-20,1e-20,1e-20,1e-20,0.14084507042253522,0.5,0.014084507042253521,0.02631578947368421,0.9674124800755652,0.05555555555555555,0.09090909090909091,0.9585474366846567,0.01818181818181818,0.744270205066345,0.05555555555555555,0.16666666666666666,0.1111111111111111,0.1111111111111111,0.2,0.25
Vehicle_11,8354807,27,0.058823529411764705,1e-20,1e-20,1e-20,0.9674124800755652,0.16,0.1111111111111111,0.9585474366846567,1e-20,1e-20,1e-20,1e-20,0.16666666666666666,1e-20,0.05263157894736842,0.07142857142857142,0.058823529411764705,0.5,0.031746031746031744,0.030303030303030304,0.9674124800755652,0.16,0.1111111111111111,0.9585474366846567,0.05,0.744270205066345,0.02127659574468085,0.03571428571428571,0.16666666666666666,0.09090909090909091,0.05263157894736842,0.07142857142857142
Vehicle_11,8354807,28,0.011560693641618497,1e-20,1e-20,1e-20,0.9674124800755652,0.07606973058637084,0.0529595015576324,0.04145256331534326,1e-20,1e-20,0.05,1e-20,0.26852438252058264,1e-20,0.023809523809523808,0.10945273631840796,0.011560693641618497,0.14285714285714285,0.015384615384615385,0.034482758620689655,0.9674124800755652,0.07606973058637084,0.0529595015576324,0.04145256331534326,0.020833333333333332,0.744270205066345,0.05,0.08333333333333333,0.26852438252058264,0.1111111111111111,0.023809523809523808,0.10945273631840796
Vehicle_11,8354807,29,0.11475409836065574,0.11827956989247312,1e-20,1e-20,0.9674124800755652,0.0781758957654723,0.08496732026143791,0.19910657306955967,1e-20,1e-20,1e-20,1e-20,0.31099430573806397,1e-20,1e-20,0.1916376306620209,0.11475409836065574,0.11827956989247312,0.1,0.2857142857142857,0.9674124800755652,0.0781758957654723,0.08496732026143791,0.19910657306955967,0.1111111111111111,0.744270205066345,0.1111111111111111,0.1,0.31099430573806397,0.14285714285714285,0.045454545454545456,0.1916376306620209
Vehicle_11,8354807,30,0.034482758620689655,0.14285714285714285,1e-20,1e-20,0.9674124800755652,0.2768729641693811,0.2922077922077922,0.8207282913165266,1e-20,1e-20,1e-20,1e-20,0.07314936487078405,1e-20,0.08823529411764706,0.12098009188361408,0.034482758620689655,0.14285714285714285,0.15384615384615385,0.2,0.9674124800755652,0.2768729641693811,0.2922077922077922,0.8207282913165266,0.1,0.744270205066345,0.08333333333333333,0.4,0.07314936487078405,0.1,0.08823529411764706,0.12098009188361408
Vehicle_11,8354807,31,0.1774193548387097,0.24468085106382978,1e-20,1e-20,0.9674124800755652,0.24151696606786427,0.2504816955684008,0.9585474366846567,1e-20,1e-20,0.16666666666666666,1e-20,0.25146198830409355,1e-20,0.09243697478991597,0.08745247148288973,0.1774193548387097,0.24468085106382978,0.2,0.25,0.9674124800755652,0.24151696606786427,0.2504816955684008,0.9585474366846567,0.5,0.744270205066345,0.16666666666666666,0.25,0.25146198830409355,0.3333333333333333,0.09243697478991597,0.08745247148288973
Vehicle_11,8354807,32,0.2138728323699422,1e-20,0.1699438202247191,0.1591928251121076,0.9674124800755652,0.015862944162436547,0.011042944785276074,0.04145256331534326,0.10894941634241245,1e-20,0.05,1e-20,0.013544018058690745,1e-20,1e-20,0.005291005291005291,0.2138728323699422,0.008620689655172414,0.1699438202247191,0.1591928251121076,0.9674124800755652,0.015862944162436547,0.011042944785276074,0.04145256331534326,0.10894941634241245,0.744270205066345,0.05,0.08333333333333333,0.013544018058690745,1.0,0.005235602094240838,0.005291005291005291
Vehicle_11,8354807,33,0.15595716198125836,0.08333333333333333,0.005148005148005148,0.002178649237472767,0.9674124800755652,0.1391304347826087,0.16393442622950818,0.8008934269304403,0.0028653295128939827,1e-20,0.08333333333333333,1e-20,0.05434782608695652,1e-20,0.022222222222222223,0.0125,0.15595716198125836,0.08333333333333333,0.005148005148005148,0.002178649237472767,0.9674124800755652,0.1391304347826087,0.16393442622950818,0.8008934269304403,0.0028653295128939827,0.744270205066345,0.08333333333333333,0.125,0.05434782608695652,0.16666666666666666,0.022222222222222223,0.0125
Vehicle_11,8354807,34,0.015691868758915834,1e-20,1e-20,1e-20,0.9674124800755652,0.0774077407740774,0.06842923794712286,0.9613603654339529,1e-20,1e-20,1e-20,1e-20,0.026690391459074734,1e-20,0.11,0.09883720930232558,0.015691868758915834,0.16666666666666666,0.025,0.047619047619047616,0.9674124800755652,0.0774077407740774,0.06842923794712286,0.9613603654339529,0.037037037037037035,0.744270205066345,0.015625,0.038461538461538464,0.026690391459074734,0.03225806451612903,0.11,0.09883720930232558
Vehicle_11,8354807,35,0.014925373134328358,1e-20,0.16666666666666666,0.25,0.9674124800755652,0.164021164021164,0.1836734693877551,0.9613603654339529,0.00466849646211568,1e-20,1e-20,1e-20,0.13023255813953488,1e-20,0.140625,0.08904109589041095,0.014925373134328358,0.05263157894736842,0.16666666666666666,0.25,0.9674124800755652,0.164021164021164,0.1836734693877551,0.9613603654339529,0.16666666666666666,0.744270205066345,0.06666666666666667,0.14285714285714285,0.13023255813953488,0.125,0.140625,0.08904109589041095
Vehicle_11,8354807,36,0.13636363636363635,0.08333333333333333,1e-20,1e-20,0.9674124800755652,0.015706806282722512,0.009685230024213076,0.9613603654339529,1e-20,1e-20,1e-20,1e-20,0.008888888888888889,1e-20,0.08108108108108109,0.07537688442211055,0.13636363636363635,0.08333333333333333,0.1,0.25,0.9674124800755652,0.015706806282722512,0.009685230024213076,0.9613603654339529,0.3333333333333333,0.744270205066345,0.038461538461538464,0.07142857142857142,0.008888888888888889,0.07142857142857142,0.08108108108108109,0.07537688442211055
Vehicle_11,8354807,37,0.043478260869565216,1e-20,1e-20,1e-20,0.9674124800755652,1e-20,1e-20,0.9613603654339529,1e-20,1e-20,1e-20,0.0007856369450809558,0.017241379310344827,0.0005388663661773223,0.031446540880503145,0.027874564459930314,0.043478260869565216,0.02,0.3333333333333333,1.0,0.9674124800755652,0.011764705882352941,0.021739130434782608,0.9613603654339529,1.0,0.744270205066345,1.0,1.0,0.017241379310344827,1.0,0.031446540880503145,0.027874564459930314
Vehicle_11,8354807,38,0.3333333333333333,0.1,0.5,1e-20,0.9674124800755652,0.0273972602739726,0.04878048780487805,0.9613603654339529,1e-20,1e-20,1e-20,0.0008158537506609926,0.1,0.0006949865283408456,1e-20,0.04285714285714286,0.3333333333333333,0.1,0.5,1.0,0.9674124800755652,0.0273972602739726,0.04878048780487805,0.9613603654339529,0.5,0.744270205066345,1.0,1.0,0.1,1.0,0.03125,0.04285714285714286
Vehicle_11,8354807,39,1e-20,1e-20,1e-20,1e-20,0.9674124800755652,1e-20,1e-20,0.03863963456604718,1e-20,1e-20,1e-20,1e-20,1e-20,1e-20,0.05,0.09090909090909091,0.016129032258064516,0.07142857142857142,0.07142857142857142,0.125,0.9674124800755652,0.025974025974025976,0.07407407407407407,0.03863963456604718,0.045454545454545456,0.744270205066345,0.125,0.16666666666666666,0.0759493670886076,0.5,0.05,0.09090909090909091
Vehicle_11,8354807,40,1e-20,1e-20,1e-20,1e-20,0.9674124800755652,0.041666666666666664,1e-20,0.8207282913165266,1e-20,1e-20,1e-20,0.0035353662528643014,0.04477611940298507,1e-20,1e-20,0.05172413793103448,0.06060606060606061,0.14285714285714285,1.0,1.0,0.9674124800755652,0.041666666666666664,0.06666666666666667,0.8207282913165266,0.5,0.744270205066345,1.0,1.0,0.04477611940298507,1.0,0.09090909090909091,0.05172413793103448
Vehicle_11,8354807,41,1e-20,0.1,1e-20,1e-20,0.9674124800755652,0.07868852459016394,0.05925925925925926,0.9585474366846567,1e-20,1e-20,1e-20,1e-20,0.0673076923076923,1e-20,0.058823529411764705,0.07179487179487179,0.2727272727272727,0.1,0.25,1.0,0.9674124800755652,0.07868852459016394,0.05925925925925926,0.9585474366846567,0.2,0.744270205066345,0.3333333333333333,1.0,0.0673076923076923,0.5,0.058823529411764705,0.07179487179487179
Vehicle_11,8354807,42,0.16,0.034482758620689655,0.25,1e-20,0.9674124800755652,0.1337386018237082,0.07926829268292683,0.04145256331534326,0.1111111111111111,1e-20,1e-20,0.00550953088409337,0.14119359534206696,1e-20,0.02617801047120419,0.08465608465608465,0.16,0.034482758620689655,0.25,0.5,0.9674124800755652,0.1337386018237082,0.07926829268292683,0.04145256331534326,0.1111111111111111,0.744270205066345,0.5,1.0,0.14119359534206696,1.0,0.02617801047120419,0.08465608465608465
Vehicle_11,8354807,43,0.2112676056338028,0.09090909090909091,0.1111111111111111,0.2857142857142857,0.9674124800755652,0.023636363636363636,0.03076923076923077,0.19910657306955967,0.14285714285714285,1e-20,0.3333333333333333,1e-20,0.2524822695035461,0.005333266184876489,0.018633540372670808,0.03514376996805112,0.2112676056338028,0.09090909090909091,0.1111111111111111,0.2857142857142857,0.9674124800755652,0.023636363636363636,0.03076923076923077,0.19910657306955967,0.14285714285714285,0.744270205066345,0.3333333333333333,1.0,0.2524822695035461,0.3333333333333333,0.018633540372670808,0.03514376996805112
Vehicle_11,8354807,44,0.21875,0.05194805194805195,0.16666666666666666,0.09090909090909091,0.9674124800755652,0.19166666666666668,0.17142857142857143,0.8207282913165266,0.027777777777777776,1e-20,0.0625,0.08695652173913043,0.26852438252058264,1e-20,0.041666666666666664,0.13186813186813187,0.21875,0.05194805194805195,0.16666666666666666,0.09090909090909091,0.9674124800755652,0.19166666666666668,0.17142857142857143,0.8207282913165266,0.027777777777777776,0.744270205066345,0.0625,0.08695652173913043,0.26852438252058264,0.1111111111111111,0.041666666666666664,0.13186813186813187
Vehicle_11,8354807,45,0.24848484848484848,0.1702127659574468,1e-20,1e-20,0.9674124800755652,0.24151696606786427,0.2504816955684008,0.9585474366846567,0.009708737864077669,1e-20,0.0196078431372549,0.015384615384615385,0.24091108190976784,1e-20,0.088,0.05185185185185185,0.24848484848484848,0.1702127659574468,0.014925373134328358,0.02564102564102564,0.9674124800755652,0.24151696606786427,0.2504816955684008,0.9585474366846567,0.009708737864077669,0.744270205066345,0.0196078431372549,0.015384615384615385,0.24091108190976784,0.03125,0.088,0.05185185185185185
Vehicle_11,8354807,46,1e-20,0.015873015873015872,0.2,1e-20,0.9674124800755652,0.31091370558375636,0.12883435582822086,0.9585474366846567,1e-20,1e-20,1e-20,1e-20,0.08264915161466886,1e-20,0.012121212121212121,0.017857142857142856,0.0006693440428380187,0.015873015873015872,0.2,0.3333333333333333,0.9674124800755652,0.31091370558375636,0.12883435582822086,0.9585474366846567,0.16666666666666666,0.744270205066345,0.05555555555555555,0.09090909090909091,0.08264915161466886,0.16666666666666666,0.012121212121212121,0.017857142857142856
Vehicle_11,8354807,47,0.3333333333333333,1e-20,1e-20,1e-20,0.9674124800755652,0.0019815059445178335,0.001287001287001287,0.9585474366846567,0.1111111111111111,1e-20,1e-20,1e-20,1e-20,1e-20,1e-20,0.00625,0.3333333333333333,0.045454545454545456,0.1,0.25,0.9674124800755652,0.0019815059445178335,0.001287001287001287,0.9585474366846567,0.1111111111111111,0.744270205066345,0.027777777777777776,0.038461538461538464,0.002145922746781116,0.05263157894736842,0.0410958904109589,0.00625
Vehicle_11,8354807,48,0.015873015873015872,1e-20,0.14285714285714285,1e-20,0.9674124800755652,0.03571428571428571,1e-20,0.9585474366846567,0.0625,1e-20,0.006788708986981593,1e-20,1e-20,1e-20,1e-20,1e-20,0.015873015873015872,0.08333333333333333,0.14285714285714285,0.08333333333333333,0.9674124800755652,0.03571428571428571,0.07692307692307693,0.9585474366846567,0.0625,0.744270205066345,0.2,0.5,0.2,0.5,0.14285714285714285,0.041666666666666664
Vehicle_11,8354807,49,0.10588235294117647,1e-20,1e-20,1e-20,0.9674124800755652,0.16,0.2222222222222222,0.04145256331534326,1e-20,1e-20,1e-20,1e-20,0.06666666666666667,1e-20,1e-20,0.14285714285714285,0.10588235294117647,0.25,0.037037037037037035,0.08333333333333333,0.9674124800755652,0.16,0.2222222222222222,0.04145256331534326,0.045454545454545456,0.744270205066345,1.0,1.0,0.06666666666666667,1.0,0.043478260869565216,0.14285714285714285
Vehicle_11,8354807,50,0.04054054054054054,1e-20,0.10084033613445378,0.08064516129032258,0.9674124800755652,0.0784313725490196,0.041666666666666664,0.8008934269304403,0.07407407407407407,1e-20,0.06666666666666667,1e-20,0.20658436213991768,1e-20,0.08163265306122448,0.25241157556270094,0.04054054054054054,0.3333333333333333,0.10084033613445378,0.08064516129032258,0.9674124800755652,0.0784313725490196,0.041666666666666664,0.8008934269304403,0.07407407407407407,0.744270205066345,0.06666666666666667,0.0625,0.20658436213991768,0.14285714285714285,0.08163265306122448,0.25241157556270094
Vehicle_11,8354807,51,0.0861244019138756,1e-20,0.1834862385321101,0.2033898305084746,0.9674124800755652,0.3240857503152585,0.3799019607843137,0.9613603654339529,0.1308411214953271,1e-20,1e-20,1e-20,0.20658436213991768,1e-20,0.2579505300353357,0.25241157556270094,0.0861244019138756,0.13333333333333333,0.1834862385321101,0.2033898305084746,0.9674124800755652,0.3240857503152585,0.3799019607843137,0.9613603654339529,0.1308411214953271,0.744270205066345,0.041666666666666664,0.14285714285714285,0.20658436213991768,0.3333333333333333,0.2579505300353357,0.25241157556270094
Vehicle_11,8354807,52,0.3206831119544592,0.013888888888888888,0.17475728155339806,0.2222222222222222,0.9674124800755652,0.007709251101321586,1e-20,0.9613603654339529,0.1623931623931624,1e-20,1e-20,1e-20,0.023868312757201648,1e-20,0.0035335689045936395,0.00964630225080386,0.3206831119544592,0.013888888888888888,0.17475728155339806,0.2222222222222222,0.9674124800755652,0.007709251101321586,0.006711409395973154,0.9613603654339529,0.1623931623931624,0.744270205066345,0.05128205128205128,0.05555555555555555,0.023868312757201648,0.1111111111111111,0.0035335689045936395,0.00964630225080386
Vehicle_11,8354807,53,0.3797752808988764,0.07142857142857142,0.06,0.07692307692307693,0.9674124800755652,1e-20,1e-20,0.9613603654339529,0.008130081300813009,1e-20,1e-20,1e-20,0.005263157894736842,1e-20,1e-20,0.03571428571428571,0.3797752808988764,0.07142857142857142,0.06,0.07692307692307693,0.9674124800755652,0.05454545454545454,0.05263157894736842,0.9613603654339529,0.008130081300813009,0.744270205066345,0.03125,0.05263157894736842,0.005263157894736842,0.3333333333333333,0.16666666666666666,0.03571428571428571
Vehicle_11,8354807,54,0.0033707865168539327,0.2222222222222222,1e-20,1e-20,0.9674124800755652,1e-20,1e-20,0.9613603654339529,1e-20,1e-20,1e-20,0.0013194671769949386,0.14285714285714285,0.001062624329564626,0.1111111111111111,0.038461538461538464,0.0033707865168539327,0.2222222222222222,0.02857142857142857,0.043478260869565216,0.9674124800755652,0.1111111111111111,0.1111111111111111,0.9613603654339529,0.07142857142857142,0.744270205066345,0.16666666666666666,1.0,0.14285714285714285,1.0,0.1111111111111111,0.038461538461538464
Vehicle_11,8354807,55,0.016129032258064516,1e-20,1e-20,1e-20,0.9674124800755652,1e-20,1e-20,0.9613603654339529,1e-20,1e-20,1e-20,0.001913731020068995,1e-20,0.0015612016216352328,0.03571428571428571,0.0392156862745098,0.016129032258064516,0.2,0.2,0.3333333333333333,0.9674124800755652,0.020833333333333332,0.038461538461538464,0.9613603654339529,0.3333333333333333,0.744270205066345,0.18181818181818182,0.25,0.043478260869565216,0.3333333333333333,0.03571428571428571,0.0392156862745098
Vehicle_11,8354807,56,0.05263157894736842,1e-20,0.038461538461538464,1e-20,0.9674124800755652,1e-20,1e-20,0.9613603654339529,0.02702702702702703,1e-20,0.06666666666666667,0.25,0.015625,1e-20,0.1,0.07272727272727272,0.05263157894736842,0.1,0.038461538461538464,0.043478260869565216,0.9674124800755652,0.02857142857142857,0.05263157894736842,0.9613603654339529,0.02702702702702703,0.744270205066345,0.06666666666666667,0.25,0.015625,0.5,0.1,0.07272727272727272
Vehicle_11,8354807,57,0.04,1e-20,1e-20,1e-20,0.9674124800755652,1e-20,1e-20,0.9613603654339529,0.17647058823529413,1e-20,1e-20,1e-20,0.038461538461538464,1e-20,1e-20,0.016129032258064516,0.04,0.14285714285714285,0.041666666666666664,0.1,0.9674124800755652,0.07142857142857142,0.25,0.9613603654339529,0.17647058823529413,0.744270205066345,0.25,0.25,0.038461538461538464,0.25,0.034482758620689655,0.016129032258064516
Vehicle_11,8354807,58,0.17088607594936708,1e-20,1e-20,1e-20,0.9674124800755652,0.0625,0.14285714285714285,0.9613603654339529,0.21052631578947367,1e-20,1e-20,0.0028000906504167403,0.1,0.0023669831037695464,0.09090909090909091,0.04878048780487805,0.17088607594936708,0.14285714285714285,0.10344827586206896,0.09090909090909091,0.9674124800755652,0.0625,0.14285714285714285,0.9613603654339529,0.21052631578947367,0.744270205066345,0.25,1.0,0.1,1.0,0.09090909090909091,0.04878048780487805
Vehicle_11,8354807,59,0.08547008547008547,1e-20,0.07692307692307693,1e-20,0.9674124800755652,0.06493506493506493,0.07894736842105263,0.9613603654339529,0.11764705882352941,1e-20,1e-20,0.0028353435902601165,0.10204081632653061,0.00270440409941329,1e-20,0.027777777777777776,0.08547008547008547,0.5,0.07692307692307693,0.2,0.9674124800755652,0.06493506493506493,0.07894736842105263,0.9613603654339529,0.11764705882352941,0.744270205066345,0.3333333333333333,1.0,0.10204081632653061,1.0,0.05,0.027777777777777776
Vehicle_11,8354807,60,0.1588235294117647,0.125,1e-20,1e-20,0.9674124800755652,0.027649769585253458,0.0392156862745098,0.9613603654339529,0.16666666666666666,1e-20,0.08333333333333333,0.07142857142857142,0.022222222222222223,1e-20,1e-20,1e-20,0.1588235294117647,0.125,0.07142857142857142,0.07142857142857142,0.9674124800755652,0.027649769585253458,0.0392156862745098,0.9613603654339529,0.16666666666666666,0.744270205066345,0.08333333333333333,0.07142857142857142,0.022222222222222223,0.07142857142857142,0.045454545454545456,0.0425531914893617
Vehicle_11,8354807,61,0.08865248226950355,1e-20,1e-20,1e-20,0.9674124800755652,0.1590909090909091,0.17391304347826086,0.9613603654339529,0.03508771929824561,1e-20,0.02631578947368421,1e-20,0.02127659574468085,1e-20,1e-20,1e-20,0.08865248226950355,0.05555555555555555,0.3,0.6666666666666666,0.9674124800755652,0.1590909090909091,0.17391304347826086,0.9613603654339529,0.03508771929824561,0.744270205066345,0.02631578947368421,0.13333333333333333,0.02127659574468085,0.1,0.5,0.16666666666666666
Vehicle_11,8354807,62,0.05337519623233909,0.0032240379440596724,1e-20,1e-20,0.9674124800755652,0.03225806451612903,1e-20,0.9613603654339529,1e-20,1e-20,1e-20,1e-20,1e-20,1e-20,1e-20,1e-20,0.05337519623233909,1.0,0.13157894736842105,0.058823529411764705,0.9674124800755652,0.03225806451612903,0.13333333333333333,0.9613603654339529,0.014705882352941176,0.744270205066345,0.07692307692307693,0.06666666666666667,0.019230769230769232,0.1,0.5,0.1111111111111111
Vehicle_11,8354807,63,0.012578616352201259,0.3333333333333333,0.08333333333333333,0.10526315789473684,0.9674124800755652,1e-20,1e-20,0.9613603654339529,0.14285714285714285,1e-20,1e-20,1e-20,1e-20,1e-20,1e-20,1e-20,0.012578616352201259,0.3333333333333333,0.08333333333333333,0.10526315789473684,0.9674124800755652,0.1,0.3333333333333333,0.9613603654339529,0.14285714285714285,0.744270205066345,0.027777777777777776,1.0,1.0,1.0,0.25,0.0625
Vehicle_11,8354807,64,0.22641509433962265,1e-20,0.005847953216374269,0.01,0.9674124800755652,1e-20,1e-20,0.9613603654339529,1e-20,1e-20,0.007874015748031496,1e-20,1e-20,1e-20,1e-20,1e-20,0.22641509433962265,0.125,0.005847953216374269,0.01,0.9674124800755652,0.13333333333333333,0.14285714285714285,0.9613603654339529,0.09090909090909091,0.744270205066345,0.007874015748031496,0.5,0.16666666666666666,0.3333333333333333,0.015384615384615385,0.0070921985815602835
Vehicle_11,8354807,65,0.016666666666666666,1e-20,0.14285714285714285,0.14285714285714285,0.9674124800755652,1e-20,1e-20,0.9613603654339529,1e-20,1e-20,0.08333333333333333,1e-20,1e-20,1e-20,1e-20,1e-20,0.016666666666666666,0.02,0.14285714285714285,0.14285714285714285,0.9674124800755652,0.0625,0.058823529411764705,0.9613603654339529,0.1111111111111111,0.744270205066345,0.08333333333333333,0.2,0.1,0.2,0.25,0.14285714285714285
Vehicle_11,8354807,66,0.004291845493562232,1e-20,0.05,0.125,0.9674124800755652,1e-20,1e-20,0.9613603654339529,1e-20,1e-20,0.02040816326530612,1e-20,1e-20,1e-20,1e-20,1e-20,0.004291845493562232,0.5,0.05,0.125,0.9674124800755652,0.3333333333333333,0.5,0.9613603654339529,0.09090909090909091,0.744270205066345,0.02040816326530612,1.0,1.0,0.5,0.09090909090909091,0.05
Vehicle_11,8354807,67,0.19047619047619047,0.25,0.09090909090909091,0.125,0.9674124800755652,1e-20,1e-20,0.9613603654339529,0.25,1e-20,1e-20,1e-20,1e-20,1e-20,1e-20,0.012987012987012988,0.19047619047619047,0.25,0.09090909090909091,0.125,0.9674124800755652,0.5,0.5,0.9613603654339529,0.25,0.744270205066345,0.14285714285714285,0.5,0.25,1.0,0.0625,0.012987012987012988
Vehicle_11,8354807,68,0.0989010989010989,1e-20,1e-20,1e-20,0.9674124800755652,0.030303030303030304,1e-20,0.9613603654339529,1e-20,1e-20,1e-20,1e-20,1e-20,1e-20,1e-20,1e-20,0.0989010989010989,0.01694915254237288,0.015384615384615385,0.06451612903225806,0.9674124800755652,0.030303030303030304,0.06666666666666667,0.9613603654339529,0.10526315789473684,0.744270205066345,0.3333333333333333,1.0,0.16666666666666666,1.0,0.05,0.03125
Vehicle_11,8354807,69,0.10333333333333333,1e-20,0.11764705882352941,1e-20,0.03258751992443474,0.045454545454545456,0.05,0.9613603654339529,0.10843373493975904,1e-20,1e-20,1e-20,0.041666666666666664,1e-20,1e-20,1e-20,0.10333333333333333,0.16666666666666666,0.11764705882352941,0.16666666666666666,0.03258751992443474,0.045454545454545456,0.05,0.9613603654339529,0.10843373493975904,0.744270205066345,0.08333333333333333,0.038461538461538464,0.041666666666666664,0.16666666666666666,0.3333333333333333,0.2
Vehicle_11,8354807,70,0.15469613259668508,0.2,0.030716723549488054,0.07692307692307693,0.8513274336283185,0.10714285714285714,0.14285714285714285,0.9613603654339529,0.12698412698412698,1e-20,0.06528189910979229,0.04,0.02702702702702703,0.10526315789473684,1e-20,0.008064516129032258,0.15469613259668508,0.2,0.030716723549488054,0.07692307692307693,0.8513274336283185,0.10714285714285714,0.14285714285714285,0.9613603654339529,0.12698412698412698,0.744270205066345,0.06528189910979229,0.04,0.02702702702702703,0.10526315789473684,0.14285714285714285,0.008064516129032258
Vehicle_11,8354807,71,0.27176220806794055,1e-20,0.034782608695652174,0.0425531914893617,0.9618592351505288,0.18446601941747573,0.18,0.9613603654339529,0.041379310344827586,1e-20,1e-20,1e-20,0.047619047619047616,1e-20,1e-20,0.05263157894736842,0.27176220806794055,0.25,0.034782608695652174,0.0425531914893617,0.9618592351505288,0.18446601941747573,0.18,0.9613603654339529,0.041379310344827586,0.744270205066345,0.004424778761061947,0.04,0.047619047619047616,0.05,0.125,0.05263157894736842
Vehicle_11,8354807,72,0.17455310199789695,1e-20,1e-20,1e-20,0.9618592351505288,0.03048780487804878,0.024390243902439025,0.9613603654339529,0.19117647058823528,1e-20,0.00980031727645859,1e-20,1e-20,1e-20,1e-20,1e-20,0.17455310199789695,0.14285714285714285,0.043478260869565216,0.09090909090909091,0.9618592351505288,0.03048780487804878,0.024390243902439025,0.9613603654339529,0.19117647058823528,0.744270205066345,0.125,1.0,0.5,0.5,0.25,0.14285714285714285
Vehicle_11,8354807,73,0.15469613259668508,1e-20,1e-20,1e-20,0.9618592351505288,0.09523809523809523,0.045454545454545456,0.9613603654339529,1e-20,1e-20,1e-20,1e-20,1e-20,1e-20,1e-20,1e-20,0.15469613259668508,0.25,0.023809523809523808,0.022222222222222223,0.9618592351505288,0.09523809523809523,0.045454545454545456,0.9613603654339529,0.008130081300813009,0.744270205066345,0.045454545454545456,0.3333333333333333,0.1111111111111111,0.5,0.25,0.07692307692307693
Vehicle_11,8354807,74,0.012738853503184714,1e-20,0.07142857142857142,0.125,0.9618592351505288,0.0423728813559322,0.07407407407407407,0.9613603654339529,0.1,1e-20,1e-20,1e-20,1e-20,1e-20,1e-20,0.05555555555555555,0.012738853503184714,0.125,0.07142857142857142,0.125,0.9618592351505288,0.0423728813559322,0.07407407407407407,0.9613603654339529,0.1,0.744270205066345,0.14285714285714285,0.14285714285714285,0.0425531914893617,0.2857142857142857,0.125,0.05555555555555555
Vehicle_11,8354807,75,0.10989010989010989,1e-20,1e-20,1e-20,0.9618592351505288,0.03636363636363636,0.06896551724137931,0.9613603654339529,1e-20,1e-20,1e-20,1e-20,1e-20,1e-20,0.4,0.2,0.10989010989010989,0.3333333333333333,0.3333333333333333,0.5,0.9618592351505288,0.03636363636363636,0.06896551724137931,0.9613603654339529,0.1,0.744270205066345,0.058823529411764705,0.1111111111111111,0.03571428571428571,0.2,0.4,0.2
Vehicle_11,8354807,76,0.04878048780487805,1e-20,1e-20,1e-20,0.9618592351505288,0.12280701754385964,0.125,0.9613603654339529,1e-20,1e-20,1e-20,0.0013396117140482965,1e-20,0.001344647848311636,0.13333333333333333,0.125,0.04878048780487805,1.0,0.034482758620689655,0.09090909090909091,0.9618592351505288,0.12280701754385964,0.125,0.9613603654339529,0.024390243902439025,0.744270205066345,1.0,1.0,0.05,0.5,0.13333333333333333,0.125
Vehicle_11,8354807,77,0.006578947368421052,1e-20,1e-20,1e-20,0.9618592351505288,0.07894736842105263,0.088,0.9613603654339529,1e-20,1e-20,0.00233173016392617,1e-20,0.1,1e-20,1e-20,0.0782608695652174,0.006578947368421052,0.05555555555555555,0.5,0.5,0.9618592351505288,0.07894736842105263,0.088,0.9613603654339529,0.25,0.744270205066345,1.0,0.3333333333333333,0.1,0.5,0.06451612903225806,0.0782608695652174
Vehicle_11,8354807,78,0.07142857142857142,0.08333333333333333,1e-20,1e-20,0.9618592351505288,0.21518987341772153,0.2462686567164179,0.9613603654339529,1e-20,1e-20,0.14285714285714285,1e-20,0.125,1e-20,0.13274336283185842,0.13454545454545455,0.07142857142857142,0.08333333333333333,0.1,0.2,0.9618592351505288,0.21518987341772153,0.2462686567164179,0.9613603654339529,0.02564102564102564,0.744270205066345,0.14285714285714285,0.5,0.125,0.16666666666666666,0.13274336283185842,0.13454545454545455
Vehicle_11,8354807,79,1e-20,0.025,1e-20,1e-20,0.9618592351505288,0.007352941176470588,0.006779661016949152,0.9613603654339529,1e-20,1e-20,1e-20,1e-20,0.0055248618784530384,1e-20,0.1308411214953271,0.1417624521072797,0.0035460992907801418,0.025,0.6666666666666666,1.0,0.9618592351505288,0.007352941176470588,0.006779661016949152,0.9613603654339529,0.06666666666666667,0.744270205066345,0.09090909090909091,1.0,0.0055248618784530384,0.5,0.1308411214953271,0.1417624521072797
Vehicle_11,8354807,80,0.1511627906976744,0.10714285714285714,1e-20,1e-20,0.9618592351505288,0.11688311688311688,0.13636363636363635,0.9613603654339529,1e-20,1e-20,1e-20,0.002437488983456299,0.029411764705882353,1e-20,0.009345794392523364,0.01953125,0.1511627906976744,0.10714285714285714,0.1111111111111111,0.2,0.9618592351505288,0.11688311688311688,0.13636363636363635,0.9613603654339529,0.1,0.744270205066345,0.5,1.0,0.029411764705882353,1.0,0.009345794392523364,0.01953125
Vehicle_11,8354807,81,0.011235955056179775,1e-20,0.03508771929824561,0.03225806451612903,0.9618592351505288,1e-20,1e-20,0.03863963456604718,0.013333333333333334,1e-20,1e-20,1e-20,0.1864406779661017,1e-20,1e-20,0.024390243902439025,0.011235955056179775,0.023255813953488372,0.03508771929824561,0.03225806451612903,0.9618592351505288,0.13978494623655913,0.03773584905660377,0.03863963456604718,0.013333333333333334,0.744270205066345,0.125,0.3333333333333333,0.1864406779661017,0.16666666666666666,0.045454545454545456,0.024390243902439025
Vehicle_11,8354807,82,0.01293103448275862,1e-20,1e-20,1e-20,0.9618592351505288,0.2631578947368421,0.1,0.8207282913165266,0.058823529411764705,1e-20,1e-20,1e-20,0.20346820809248556,0.002558356205776446,1e-20,0.01990049751243781,0.01293103448275862,0.3333333333333333,0.05555555555555555,0.2,0.9618592351505288,0.2631578947368421,0.1,0.8207282913165266,0.058823529411764705,0.744270205066345,0.5,1.0,0.20346820809248556,1.0,0.1,0.01990049751243781
Vehicle_11,8354807,83,0.1485148514851485,1e-20,0.16666666666666666,1e-20,0.9618592351505288,1e-20,1e-20,0.04145256331534326,1e-20,1e-20,1e-20,1e-20,0.15467904098994587,1e-20,0.022058823529411766,0.025547445255474453,0.1485148514851485,0.14285714285714285,0.16666666666666666,0.6,0.9618592351505288,0.02766798418972332,0.04065040650406504,0.04145256331534326,0.05555555555555555,0.744270205066345,0.2,0.5,0.15467904098994587,1.0,0.022058823529411766,0.025547445255474453
Vehicle_11,8354807,84,0.14285714285714285,1e-20,1e-20,1e-20,0.9618592351505288,0.2857142857142857,0.14285714285714285,0.8008934269304403,1e-20,1e-20,0.003092186437690429,0.0015813461586885907,0.1346153846153846,0.0015259486817918565,0.05555555555555555,0.14545454545454545,0.14285714285714285,0.1,0.16666666666666666,0.3333333333333333,0.9618592351505288,0.2857142857142857,0.14285714285714285,0.8008934269304403,0.125,0.744270205066345,0.5,1.0,0.1346153846153846,1.0,0.05555555555555555,0.14545454545454545
Vehicle_11,8354807,85,0.021052631578947368,1e-20,1e-20,1e-20,0.9618592351505288,0.20364741641337386,0.23178807947019867,0.9613603654339529,1e-20,1e-20,0.003938256993931458,0.0012388890287815073,0.1649122807017544,0.001344647848311636,0.23529411764705882,0.1518987341772152,0.021052631578947368,0.16666666666666666,0.125,1.0,0.9618592351505288,0.20364741641337386,0.23178807947019867,0.9613603654339529,0.08333333333333333,0.744270205066345,1.0,1.0,0.1649122807017544,1.0,0.23529411764705882,0.1518987341772152
Vehicle_11,8354807,86,0.10869565217391304,0.045454545454545456,1e-20,1e-20,0.9618592351505288,1e-20,1e-20,0.03863963456604718,1e-20,1e-20,1e-20,1e-20,0.030364372469635626,1e-20,1e-20,0.015988372093023256,0.10869565217391304,0.045454545454545456,0.3333333333333333,0.5,0.9618592351505288,0.0016611295681063123,0.003236245954692557,0.03863963456604718,0.09090909090909091,0.744270205066345,0.25,0.2,0.030364372469635626,1.0,0.0032258064516129032,0.015988372093023256
Vehicle_11,8354807,87,1e-20,1e-20,1e-20,1e-20,0.9618592351505288,0.3333333333333333,0.25,0.8207282913165266,1e-20,1e-20,1e-20,1e-20,1e-20,1e-20,1e-20,0.05263157894736842,0.014084507042253521,0.02702702702702703,0.1111111111111111,0.2,0.9618592351505288,0.3333333333333333,0.25,0.8207282913165266,0.0625,0.744270205066345,0.1111111111111111,0.25,0.005681818181818182,0.14285714285714285,0.2857142857142857,0.05263157894736842
Vehicle_11,8354807,88,0.021052631578947368,1e-20,0.03125,1e-20,0.9618592351505288,1e-20,1e-20,0.9585474366846567,1e-20,1e-20,0.3333333333333333,1e-20,1e-20,1e-20,1e-20,1e-20,0.021052631578947368,0.3333333333333333,0.03125,0.05,0.9618592351505288,0.045454545454545456,0.2,0.9585474366846567,0.07692307692307693,0.744270205066345,0.3333333333333333,1.0,0.3333333333333333,1.0,0.05555555555555555,0.021739130434782608
Vehicle_11,8354807,89,0.04516129032258064,0.07692307692307693,1e-20,1e-20,0.9618592351505288,0.014705882352941176,1e-20,0.9585474366846567,0.0425531914893617,1e-20,1e-20,1e-20,1e-20,1e-20,0.028985507246376812,0.01834862385321101,0.04516129032258064,0.07692307692307693,0.0392156862745098,0.041666666666666664,0.9618592351505288,0.014705882352941176,0.02857142857142857,0.9585474366846567,0.0425531914893617,0.744270205066345,1.0,1.0,0.14285714285714285,1.0,0.028985507246376812,0.01834862385321101
Vehicle_11,8354807,90,0.06462585034013606,1e-20,0.0625,0.16666666666666666,0.9618592351505288,0.07407407407407407,1e-20,0.04145256331534326,1e-20,1e-20,1e-20,1e-20,0.024390243902439025,1e-20,1e-20,0.045454545454545456,0.06462585034013606,0.05555555555555555,0.0625,0.16666666666666666,0.9618592351505288,0.07407407407407407,0.14285714285714285,0.04145256331534326,0.043478260869565216,0.744270205066345,0.5,0.2,0.024390243902439025,0.3333333333333333,0.0967741935483871,0.045454545454545456
Vehicle_11,8354807,91,0.015625,1e-20,0.1,0.2,0.9618592351505288,1e-20,1e-20,0.8008934269304403,1e-20,1e-20,1e-20,1e-20,0.030303030303030304,1e-20,1e-20,0.05472636815920398,0.015625,1.0,0.1,0.2,0.9618592351505288,0.1,0.5,0.8008934269304403,0.16666666666666666,0.744270205066345,0.125,0.5,0.030303030303030304,1.0,0.07692307692307693,0.05472636815920398
Vehicle_11,8354807,92,0.05357142857142857,1e-20,1e-20,1e-20,0.9618592351505288,0.13095238095238096,0.10256410256410256,0.9613603654339529,1e-20,1e-20,1e-20,1e-20,0.09473684210526316,1e-20,0.030303030303030304,0.060240963855421686,0.05357142857142857,0.3333333333333333,0.1,0.25,0.9618592351505288,0.13095238095238096,0.10256410256410256,0.9613603654339529,0.125,0.744270205066345,0.2,0.5,0.09473684210526316,0.3333333333333333,0.030303030303030304,0.060240963855421686
Vehicle_11,8354807,93,0.011278195488721804,1e-20,0.16666666666666666,0.09523809523809523,0.9618592351505288,0.09259259259259259,0.0663265306122449,0.9613603654339529,1e-20,1e-20,1e-20,1e-20,0.014028056112224449,1e-20,0.027777777777777776,0.037037037037037035,0.011278195488721804,0.01639344262295082,0.16666666666666666,0.09523809523809523,0.9618592351505288,0.09259259259259259,0.0663265306122449,0.9613603654339529,0.25,0.744270205066345,0.045454545454545456,0.14285714285714285,0.014028056112224449,0.25,0.027777777777777776,0.037037037037037035
Vehicle_11,8354807,94,0.14678899082568808,1e-20,0.11627906976744186,0.17391304347826086,0.9618592351505288,0.011547344110854504,0.008547008547008548,0.03863963456604718,1e-20,1e-20,1e-20,1e-20,1e-20,1e-20,0.011494252873563218,0.021052631578947368,0.14678899082568808,0.25,0.11627906976744186,0.17391304347826086,0.9618592351505288,0.011547344110854504,0.008547008547008548,0.03863963456604718,0.13333333333333333,0.744270205066345,0.3333333333333333,0.5,0.014084507042253521,0.5,0.011494252873563218,0.021052631578947368
Vehicle_11,8354807,95,0.16279069767441862,1e-20,1e-20,1e-20,0.9618592351505288,1e-20,1e-20,0.8207282913165266,1e-20,1e-20,0.00569586785183693,1e-20,1e-20,1e-20,1e-20,0.018691588785046728,0.16279069767441862,0.03333333333333333,0.038461538461538464,0.08333333333333333,0.9618592351505288,0.034482758620689655,0.038461538461538464,0.8207282913165266,0.18181818181818182,0.744270205066345,1.0,1.0,0.07142857142857142,0.5,0.034482758620689655,0.018691588785046728
Vehicle_11,8354807,96,1e-20,1e-20,0.014084507042253521,0.030303030303030304,0.9618592351505288,1e-20,1e-20,0.9585474366846567,1e-20,1e-20,1e-20,1e-20,1e-20,1e-20,1e-20,1e-20,0.009345794392523364,0.3333333333333333,0.014084507042253521,0.030303030303030304,0.9618592351505288,0.058823529411764705,0.07142857142857142,0.9585474366846567,0.05,0.744270205066345,0.09523809523809523,0.07142857142857142,0.08333333333333333,0.08333333333333333,0.030303030303030304,0.015384615384615385
Vehicle_11,8354807,97,0.03225806451612903,1e-20,1e-20,1e-20,0.9618592351505288,0.2,1.0,0.9585474366846567,1e-20,1e-20,1e-20,1e-20,1e-20,1e-20,0.18181818181818182,0.08,0.03225806451612903,1.0,0.14285714285714285,0.14285714285714285,0.9618592351505288,0.2,1.0,0.9585474366846567,0.3333333333333333,0.744270205066345,0.2,0.3333333333333333,0.041666666666666664,0.5,0.18181818181818182,0.08
Vehicle_11,8354807,98,1e-20,1e-20,1e-20,1e-20,0.9618592351505288,1e-20,1e-20,0.9585474366846567,1e-20,1e-20,1e-20,1e-20,0.018867924528301886,1e-20,0.06666666666666667,0.05952380952380952,0.1111111111111111,0.3333333333333333,0.2,0.5,0.9618592351505288,0.006896551724137931,0.013157894736842105,0.9585474366846567,0.25,0.744270205066345,0.043478260869565216,0.4,0.018867924528301886,0.14285714285714285,0.06666666666666667,0.05952380952380952
Vehicle_11,8354807,99,0.03225806451612903,1e-20,1e-20,1e-20,0.9618592351505288,0.05405405405405406,0.058823529411764705,0.9585474366846567,1e-20,1e-20,1e-20,1e-20,1e-20,1e-20,0.045454545454545456,0.02127659574468085,0.03225806451612903,0.2,0.038461538461538464,0.07692307692307693,0.9618592351505288,0.05405405405405406,0.058823529411764705,0.9585474366846567,0.15384615384615385,0.744270205066345,1.0,0.3333333333333333,0.041666666666666664,1.0,0.045454545454545456,0.02127659574468085
Vehicle_11,8354807,100,0.14705882352941177,1e-20,1e-20,1e-20,0.9618592351505288,0.06666666666666667,1e-20,0.9585474366846567,1e-20,1e-20,1e-20,0.0012388890287815073,1e-20,0.001344647848311636,1e-20,0.02702702702702703,0.14705882352941177,0.2,0.047619047619047616,0.125,0.9618592351505288,0.06666666666666667,0.125,0.9585474366846567,0.125,0.744270205066345,1.0,1.0,0.2,1.0,0.05,0.02702702702702703
Vehicle_11,8354807,101,1e-20,1e-20,1e-20,1e-20,0.9618592351505288,0.08163265306122448,0.05405405405405406,0.9585474366846567,0.08333333333333333,1e-20,1e-20,1e-20,0.04316546762589928,1e-20,0.014084507042253521,0.03636363636363636,0.011494252873563218,0.25,0.1111111111111111,0.25,0.9618592351505288,0.08163265306122448,0.05405405405405406,0.9585474366846567,0.08333333333333333,0.744270205066345,0.1111111111111111,0.5,0.04316546762589928,0.5,0.014084507042253521,0.03636363636363636
Vehicle_11,8354807,102,1e-20,1e-20,0.08695652173913043,0.1,0.9618592351505288,0.021739130434782608,0.02127659574468085,0.9585474366846567,1e-20,1e-20,1e-20,1e-20,0.0035460992907801418,1e-20,0.10344827586206896,0.11206896551724138,0.027777777777777776,0.1,0.08695652173913043,0.1,0.9618592351505288,0.021739130434782608,0.02127659574468085,0.9585474366846567,0.02127659574468085,0.744270205066345,0.14285714285714285,0.3333333333333333,0.0035460992907801418,0.3333333333333333,0.10344827586206896,0.11206896551724138
Vehicle_11,8354807,103,0.06930693069306931,1e-20,0.25,0.25,0.9618592351505288,0.19931271477663232,0.16417910447761194,0.9585474366846567,0.15384615384615385,1e-20,1e-20,1e-20,0.2571428571428571,1e-20,1e-20,0.003067484662576687,0.06930693069306931,0.5,0.25,0.25,0.9618592351505288,0.19931271477663232,0.16417910447761194,0.9585474366846567,0.15384615384615385,0.744270205066345,1.0,1.0,0.2571428571428571,0.5,0.010050251256281407,0.003067484662576687
Vehicle_11,8354807,104,0.10344827586206896,1e-20,0.04,1e-20,0.9618592351505288,0.29056603773584905,0.2711864406779661,0.9585474366846567,1e-20,1e-20,1e-20,1e-20,0.21904761904761905,1e-20,1e-20,1e-20,0.10344827586206896,0.022727272727272728,0.04,0.1111111111111111,0.9618592351505288,0.29056603773584905,0.2711864406779661,0.9585474366846567,0.043478260869565216,0.744270205066345,1.0,0.5,0.21904761904761905,0.3333333333333333,0.13333333333333333,0.12121212121212122
Vehicle_11,8354807,105,0.05357142857142857,1e-20,1e-20,1e-20,0.9618592351505288,0.0012674271229404308,1e-20,0.9585474366846567,1e-20,1e-20,0.027777777777777776,1e-20,1e-20,0.05555555555555555,1e-20,1e-20,0.05357142857142857,0.16666666666666666,0.07142857142857142,0.125,0.9618592351505288,0.0012674271229404308,0.00273224043715847,0.9585474366846567,0.11764705882352941,0.744270205066345,0.027777777777777776,0.02857142857142857,0.006172839506172839,0.05555555555555555,0.25,0.0625
Vehicle_11,8354807,106,0.028037383177570093,1e-20,0.2808022922636103,0.25,0.9618592351505288,1e-20,1e-20,0.9585474366846567,0.058823529411764705,1e-20,0.04060913705583756,0.08333333333333333,0.07142857142857142,1e-20,0.25,0.16666666666666666,0.028037383177570093,0.3333333333333333,0.2808022922636103,0.25,0.9618592351505288,0.17647058823529413,0.125,0.9585474366846567,0.058823529411764705,0.744270205066345,0.04060913705583756,0.08333333333333333,0.07142857142857142,0.045454545454545456,0.25,0.16666666666666666
Vehicle_11,8354807,107,0.11538461538461539,1e-20,0.3315508021390374,0.36153846153846153,0.9618592351505288,0.07407407407407407,0.2,0.9585474366846567,0.030303030303030304,1e-20,1e-20,1e-20,1e-20,1e-20,0.05714285714285714,0.02531645569620253,0.11538461538461539,0.5,0.3315508021390374,0.36153846153846153,0.9618592351505288,0.07407407407407407,0.2,0.9585474366846567,0.030303030303030304,0.744270205066345,0.007874015748031496,0.04,0.011111111111111112,0.0625,0.05714285714285714,0.02531645569620253
Vehicle_11,8354807,108,0.03588516746411483,1e-20,0.06651884700665188,0.0728476821192053,0.9618592351505288,0.011111111111111112,0.020833333333333332,0.9585474366846567,0.010416666666666666,1e-20,0.041666666666666664,1e-20,1e-20,0.2,0.05405405405405406,0.09782608695652174,0.03588516746411483,0.10526315789473684,0.06651884700665188,0.0728476821192053,0.9618592351505288,0.011111111111111112,0.020833333333333332,0.9585474366846567,0.010416666666666666,0.744270205066345,0.041666666666666664,0.3333333333333333,0.25,0.2,0.05405405405405406,0.09782608695652174
Vehicle_11,8354807,109,0.006389776357827476,1e-20,0.15547703180212014,0.14432989690721648,0.9618592351505288,0.047619047619047616,1e-20,0.9585474366846567,1e-20,1e-20,1e-20,1e-20,0.16666666666666666,1e-20,0.04081632653061224,0.0660377358490566,0.006389776357827476,0.1111111111111111,0.15547703180212014,0.14432989690721648,0.9618592351505288,0.047619047619047616,0.23076923076923078,0.9585474366846567,0.1,0.744270205066345,0.08333333333333333,0.25,0.16666666666666666,0.16666666666666666,0.04081632653061224,0.0660377358490566
Vehicle_11,8354807,110,0.02040816326530612,1e-20,0.02027027027027027,0.04666666666666667,0.9618592351505288,1e-20,1e-20,0.9585474366846567,1e-20,1e-20,0.0125,1e-20,1e-20,1e-20,0.0784313725490196,0.07079646017699115,0.02040816326530612,0.0625,0.02027027027027027,0.04666666666666667,0.9618592351505288,0.007722007722007722,0.008130081300813009,0.9585474366846567,0.012195121951219513,0.744270205066345,0.0125,0.09090909090909091,0.034482758620689655,0.07692307692307693,0.0784313725490196,0.07079646017699115
Vehicle_11,8354807,111,0.15789473684210525,0.034482758620689655,0.06315789473684211,0.06521739130434782,0.9618592351505288,0.14285714285714285,0.16666666666666666,0.9585474366846567,1e-20,1e-20,0.022222222222222223,1e-20,1e-20,1e-20,0.07142857142857142,0.07936507936507936,0.15789473684210525,0.034482758620689655,0.06315789473684211,0.06521739130434782,0.9618592351505288,0.14285714285714285,0.16666666666666666,0.9585474366846567,0.15384615384615385,0.744270205066345,0.022222222222222223,0.16666666666666666,0.07142857142857142,1.0,0.07142857142857142,0.07936507936507936
Vehicle_11,8354807,112,0.18269230769230768,1e-20,0.07692307692307693,0.08823529411764706,0.9618592351505288,0.1282051282051282,0.1794871794871795,0.9585474366846567,1e-20,1e-20,0.043478260869565216,1e-20,0.075,1e-20,0.08,0.0784313725490196,0.18269230769230768,0.08333333333333333,0.07692307692307693,0.08823529411764706,0.9618592351505288,0.1282051282051282,0.1794871794871795,0.9585474366846567,0.12,0.744270205066345,0.043478260869565216,0.1,0.075,0.125,0.08,0.0784313725490196
Vehicle_11,8354807,113,0.22764227642276422,1e-20,0.08525345622119816,0.0861244019138756,0.9618592351505288,0.15463917525773196,0.16463414634146342,0.9585474366846567,0.2037735849056604,1e-20,0.04411764705882353,1e-20,0.11538461538461539,1e-20,0.05660377358490566,0.0380952380952381,0.22764227642276422,0.0625,0.08525345622119816,0.0861244019138756,0.9618592351505288,0.15463917525773196,0.16463414634146342,0.9585474366846567,0.2037735849056604,0.744270205066345,0.04411764705882353,0.05555555555555555,0.11538461538461539,0.1,0.05660377358490566,0.0380952380952381
Vehicle_11,8354807,114,0.20887728459530025,1e-20,0.2309941520467836,0.22695035460992907,0.9618592351505288,0.15842839036755388,0.16120218579234974,0.9585474366846567,0.13535911602209943,1e-20,0.08284023668639054,0.14130434782608695,0.07716049382716049,0.06557377049180328,0.0625,0.0625,0.20887728459530025,0.14285714285714285,0.2309941520467836,0.22695035460992907,0.9618592351505288,0.15842839036755388,0.16120218579234974,0.9585474366846567,0.13535911602209943,0.744270205066345,0.08284023668639054,0.14130434782608695,0.07716049382716049,0.06557377049180328,0.0625,0.0625
Vehicle_11,8354807,115,0.17587301587301588,0.045454545454545456,0.03310344827586207,0.057432432432432436,0.9618592351505288,0.147024504084014,0.13216957605985039,0.9585474366846567,0.06680161943319839,1e-20,0.03793103448275862,0.07006369426751592,0.04291845493562232,0.05434782608695652,0.006097560975609756,0.0030959752321981426,0.17587301587301588,0.045454545454545456,0.03310344827586207,0.057432432432432436,0.9618592351505288,0.147024504084014,0.13216957605985039,0.9585474366846567,0.06680161943319839,0.744270205066345,0.03793103448275862,0.07006369426751592,0.04291845493562232,0.05434782608695652,0.006097560975609756,0.0030959752321981426
Vehicle_11,8354807,116,0.40562248995983935,0.07142857142857142,0.1787709497206704,0.2011173184357542,0.9618592351505288,0.2204861111111111,0.24242424242424243,0.9585474366846567,0.19093851132686085,1e-20,0.020202020202020204,0.06666666666666667,0.04142011834319527,0.07894736842105263,1e-20,0.034482758620689655,0.40562248995983935,0.07142857142857142,0.1787709497206704,0.2011173184357542,0.9618592351505288,0.2204861111111111,0.24242424242424243,0.9585474366846567,0.19093851132686085,0.744270205066345,0.020202020202020204,0.06666666666666667,0.04142011834319527,0.07894736842105263,0.1,0.034482758620689655
Vehicle_11,8354807,117,0.18635770234986945,1e-20,0.06560636182902585,0.08527131782945736,0.9618592351505288,0.2945205479452055,0.33170731707317075,0.9585474366846567,0.04567307692307692,1e-20,0.047619047619047616,0.046511627906976744,0.1111111111111111,0.027777777777777776,0.05555555555555555,0.02857142857142857,0.18635770234986945,0.061224489795918366,0.06560636182902585,0.08527131782945736,0.9618592351505288,0.2945205479452055,0.33170731707317075,0.9585474366846567,0.04567307692307692,0.744270205066345,0.047619047619047616,0.046511627906976744,0.1111111111111111,0.027777777777777776,0.05555555555555555,0.02857142857142857
Vehicle_11,8354807,118,0.48858773181169757,1e-20,0.13812154696132597,0.11578947368421053,0.9618592351505288,0.2765460910151692,0.2718204488778055,0.9585474366846567,0.13333333333333333,1e-20,0.05,0.0625,0.1,0.125,1e-20,1e-20,0.48858773181169757,0.1111111111111111,0.13812154696132597,0.11578947368421053,0.9618592351505288,0.2765460910151692,0.2718204488778055,0.9585474366846567,0.13333333333333333,0.744270205066345,0.05,0.0625,0.1,0.125,0.09090909090909091,0.05
Vehicle_11,8354807,119,0.617026055705301,1e-20,0.011560693641618497,0.025,0.9618592351505288,0.1619631901840491,0.1967654986522911,0.9585474366846567,0.016666666666666666,1e-20,0.05439330543933055,0.08280254777070063,0.07657657657657657,0.08530805687203792,1e-20,1e-20,0.617026055705301,0.06666666666666667,0.011560693641618497,0.025,0.9618592351505288,0.1619631901840491,0.1967654986522911,0.9585474366846567,0.016666666666666666,0.744270205066345,0.05439330543933055,0.08280254777070063,0.07657657657657657,0.08530805687203792,0.14285714285714285,0.0625
Vehicle_11,8354807,120,0.1421832884097035,1e-20,0.0784313725490196,0.0851063829787234,0.9618592351505288,0.29056603773584905,0.2711864406779661,0.9585474366846567,0.03260869565217391,1e-20,0.04326923076923077,0.028846153846153848,0.05639097744360902,0.008849557522123894,1e-20,1e-20,0.1421832884097035,0.25,0.0784313725490196,0.0851063829787234,0.9618592351505288,0.29056603773584905,0.2711864406779661,0.9585474366846567,0.03260869565217391,0.744270205066345,0.04326923076923077,0.028846153846153848,0.05639097744360902,0.008849557522123894,0.5,0.05263157894736842
Vehicle_11,8354807,121,0.2529498525073746,0.075,0.04804804804804805,0.03424657534246575,0.9618592351505288,0.030418250950570342,0.040983606557377046,0.9585474366846567,0.11278195488721804,1e-20,0.12883435582822086,0.02631578947368421,0.058823529411764705,1e-20,1e-20,1e-20,0.2529498525073746,0.075,0.04804804804804805,0.03424657534246575,0.9618592351505288,0.030418250950570342,0.040983606557377046,0.9585474366846567,0.11278195488721804,0.744270205066345,0.12883435582822086,0.02631578947368421,0.058823529411764705,0.047619047619047616,0.05,0.022727272727272728
Vehicle_11,8354807,122,0.16048502139800286,1e-20,0.03611111111111111,0.04419889502762431,0.9618592351505288,0.2653061224489796,0.2638888888888889,0.9585474366846567,0.022598870056497175,1e-20,0.02553191489361702,1e-20,0.07317073170731707,0.1111111111111111,1e-20,0.1111111111111111,0.16048502139800286,0.038461538461538464,0.03611111111111111,0.04419889502762431,0.9618592351505288,0.2653061224489796,0.2638888888888889,0.9585474366846567,0.022598870056497175,0.744270205066345,0.02553191489361702,0.125,0.07317073170731707,0.1111111111111111,0.3333333333333333,0.1111111111111111
Vehicle_11,8354807,123,0.024128686327077747,0.5,0.18055555555555555,0.23076923076923078,0.9618592351505288,0.19006849315068494,0.17343173431734318,0.9585474366846567,0.1746031746031746,1e-20,0.03773584905660377,0.01818181818181818,0.0703125,0.023255813953488372,0.125,0.0625,0.024128686327077747,0.5,0.18055555555555555,0.23076923076923078,0.9618592351505288,0.19006849315068494,0.17343173431734318,0.9585474366846567,0.1746031746031746,0.744270205066345,0.03773584905660377,0.01818181818181818,0.0703125,0.023255813953488372,0.125,0.0625
Vehicle_11,8354807,124,0.28640776699029125,1e-20,0.28654970760233917,0.27976190476190477,0.9618592351505288,0.16099476439790575,0.1440922190201729,0.9585474366846567,0.1986970684039088,1e-20,0.03888888888888889,0.08064516129032258,0.0673758865248227,0.07575757575757576,0.20121951219512196,0.19504643962848298,0.28640776699029125,0.4,0.28654970760233917,0.27976190476190477,0.9618592351505288,0.16099476439790575,0.1440922190201729,0.9585474366846567,0.1986970684039088,0.744270205066345,0.03888888888888889,0.08064516129032258,0.0673758865248227,0.07575757575757576,0.20121951219512196,0.19504643962848298
Vehicle_11,8354807,125,0.5244778067885117,1e-20,0.033962264150943396,0.03204047217537943,0.9618592351505288,0.2204861111111111,0.24242424242424243,0.9585474366846567,0.1344,1e-20,0.011494252873563218,0.07377049180327869,0.04142011834319527,0.0379746835443038,1e-20,0.006191950464396285,0.5244778067885117,0.058823529411764705,0.033962264150943396,0.03204047217537943,0.9618592351505288,0.2204861111111111,0.24242424242424243,0.9585474366846567,0.1344,0.744270205066345,0.011494252873563218,0.07377049180327869,0.04142011834319527,0.0379746835443038,0.012195121951219513,0.006191950464396285
Vehicle_11,8354807,126,0.18635770234986945,1e-20,0.11049723756906077,0.12345679012345678,0.9618592351505288,0.2945205479452055,0.33170731707317075,0.9585474366846567,0.038461538461538464,1e-20,0.04878048780487805,0.022222222222222223,0.1111111111111111,1e-20,0.058823529411764705,0.038461538461538464,0.18635770234986945,0.03508771929824561,0.11049723756906077,0.12345679012345678,0.9618592351505288,0.2945205479452055,0.33170731707317075,0.9585474366846567,0.038461538461538464,0.744270205066345,0.04878048780487805,0.022222222222222223,0.1111111111111111,0.08695652173913043,0.058823529411764705,0.038461538461538464
Vehicle_11,8354807,127,0.48858773181169757,1e-20,0.21518987341772153,0.18681318681318682,0.9618592351505288,0.2765460910151692,0.2718204488778055,0.9585474366846567,0.14285714285714285,1e-20,0.07692307692307693,0.1,0.1,1e-20,0.05555555555555555,0.06666666666666667,0.48858773181169757,0.1111111111111111,0.21518987341772153,0.18681318681318682,0.9618592351505288,0.2765460910151692,0.2718204488778055,0.9585474366846567,0.14285714285714285,0.744270205066345,0.07692307692307693,0.1,0.1,0.16666666666666666,0.05555555555555555,0.06666666666666667
Vehicle_11,8354807,128,0.617026055705301,1e-20,0.21602787456445993,0.18055555555555555,0.9618592351505288,0.13496932515337423,0.12129380053908356,0.9585474366846567,0.14285714285714285,1e-20,0.09923664122137404,0.015151515151515152,0.07657657657657657,0.06306306306306306,1e-20,0.04,0.617026055705301,0.16666666666666666,0.21602787456445993,0.18055555555555555,0.9618592351505288,0.13496932515337423,0.12129380053908356,0.9585474366846567,0.14285714285714285,0.744270205066345,0.09923664122137404,0.015151515151515152,0.07657657657657657,0.06306306306306306,0.09090909090909091,0.04
Vehicle_11,8354807,129,0.617026055705301,0.06666666666666667,0.20930232558139536,0.233502538071066,0.9618592351505288,0.147024504084014,0.13216957605985039,0.9585474366846567,0.1141732283464567,1e-20,0.05172413793103448,0.03636363636363636,0.07027027027027027,1e-20,1e-20,1e-20,0.617026055705301,0.06666666666666667,0.20930232558139536,0.233502538071066,0.9618592351505288,0.147024504084014,0.13216957605985039,0.9585474366846567,0.1141732283464567,0.744270205066345,0.05172413793103448,0.03636363636363636,0.07027027027027027,0.0196078431372549,0.022727272727272728,0.011627906976744186
Vehicle_11,8354807,130,0.1632973944294699,0.039473684210526314,0.09800664451827243,0.12179487179487179,0.9618592351505288,0.21354166666666666,0.19913419913419914,0.9585474366846567,0.1485148514851485,1e-20,0.0735930735930736,0.05555555555555555,0.1111111111111111,1e-20,1e-20,1e-20,0.1632973944294699,0.039473684210526314,0.09800664451827243,0.12179487179487179,0.9618592351505288,0.21354166666666666,0.19913419913419914,0.9585474366846567,0.1485148514851485,0.744270205066345,0.0735930735930736,0.05555555555555555,0.1111111111111111,0.15384615384615385,0.05,0.027777777777777776
Vehicle_11,8354807,131,0.4316353887399464,1e-20,0.1527777777777778,0.13812154696132597,0.9618592351505288,0.1,0.125,0.9585474366846567,0.15229885057471265,1e-20,0.10408921933085502,0.0392156862745098,0.03125,0.05,1e-20,1e-20,0.4316353887399464,0.03333333333333333,0.1527777777777778,0.13812154696132597,0.9618592351505288,0.1,0.125,0.9585474366846567,0.15229885057471265,0.744270205066345,0.10408921933085502,0.0392156862745098,0.03125,0.05,0.5,0.16666666666666666
Vehicle_11,8354807,132,0.18833450456781448,1e-20,0.09380234505862646,0.09121621621621621,0.9618592351505288,0.15168539325842698,0.12359550561797752,0.9585474366846567,0.076158940397351,1e-20,0.11522633744855967,0.05442176870748299,0.05058365758754864,0.11891891891891893,1e-20,0.2727272727272727,0.18833450456781448,1.0,0.09380234505862646,0.09121621621621621,0.9618592351505288,0.15168539325842698,0.12359550561797752,0.9585474366846567,0.076158940397351,0.744270205066345,0.11522633744855967,0.05442176870748299,0.05058365758754864,0.11891891891891893,0.3333333333333333,0.2727272727272727
Vehicle_11,8354807,133,0.1876484560570071,1e-20,0.21103896103896103,0.20134228187919462,0.9618592351505288,0.2564102564102564,0.27450980392156865,0.9585474366846567,0.10810810810810811,1e-20,0.050746268656716415,0.07407407407407407,0.15857605177993528,0.07058823529411765,0.14285714285714285,0.07407407407407407,0.1876484560570071,0.16666666666666666,0.21103896103896103,0.20134228187919462,0.9618592351505288,0.2564102564102564,0.27450980392156865,0.9585474366846567,0.10810810810810811,0.744270205066345,0.050746268656716415,0.07407407407407407,0.15857605177993528,0.07058823529411765,0.14285714285714285,0.07407407407407407
Vehicle_11,8354807,134,0.390899689762151,1e-20,0.17771883289124668,0.1711229946524064,0.9618592351505288,0.02832512315270936,0.03173164097914778,0.9585474366846567,0.04838709677419355,1e-20,0.047872340425531915,0.0379746835443038,0.19838056680161945,0.0313588850174216,1e-20,0.0036231884057971015,0.390899689762151,0.07407407407407407,0.17771883289124668,0.1711229946524064,0.9618592351505288,0.02832512315270936,0.03173164097914778,0.9585474366846567,0.04838709677419355,0.744270205066345,0.047872340425531915,0.0379746835443038,0.19838056680161945,0.0313588850174216,0.006172839506172839,0.0036231884057971015
Vehicle_11,8354807,135,0.19704102219233355,0.25,,,,,,,,,,,,,,,0.19704102219233355,0.25,,,,,,,,,,,,,,
