vehicle,ride,pos,speed_thr_max,direction_thr_max,longitude_abs_thr_max,longitude_thr_max,longitude_dir_thr_max,latitude_abs_thr_max,latitude_thr_max,latitude_dir_thr_max,distance_thr_max,speed_alternative_thr_max,x_speed_alternative_thr_max,x_speed_no_abs_alternative_thr_max,y_speed_alternative_thr_max,y_speed_no_abs_alternative_thr_max,direction_alternative_thr_max,direction_abs_alternative_thr_max
Vehicle_16,8442479,0,0.011764705882352941,0.0027624309392265192,0.00398406374501992,0.0020833333333333333,0.5,0.004651162790697674,0.0024875621890547263,0.5,0.0037593984962406013,0.0009505703422053232,0.001142857142857143,0.00078064012490242,0.0014265335235378032,0.0009587727708533077,0.005494505494505495,0.010869565217391304
Vehicle_16,8442479,1,0.08333333333333333,0.014705882352941176,0.01818181818181818,0.013888888888888888,0.5,0.019230769230769232,0.011494252873563218,0.5,0.047619047619047616,0.041666666666666664,0.013888888888888888,0.013333333333333334,0.015151515151515152,0.012195121951219513,0.0070921985815602835,0.011764705882352941
Vehicle_16,8442479,2,0.09090909090909091,0.06666666666666667,0.037037037037037035,0.05,0.5,0.05555555555555555,0.058823529411764705,0.5,0.058823529411764705,0.09090909090909091,0.05555555555555555,0.1111111111111111,0.047619047619047616,0.07142857142857142,0.09090909090909091,0.05
Vehicle_16,8442479,3,0.14285714285714285,0.5,0.047619047619047616,0.047619047619047616,0.5,0.05,0.07142857142857142,0.5,0.06666666666666667,0.09090909090909091,0.04,0.03125,0.05263157894736842,0.034482758620689655,0.14285714285714285,0.08333333333333333
Vehicle_16,8442479,4,0.09090909090909091,0.5,0.045454545454545456,0.05263157894736842,0.5,0.05,0.058823529411764705,0.5,0.06666666666666667,0.09090909090909091,0.034482758620689655,0.03571428571428571,0.027777777777777776,0.05,0.2,0.07692307692307693
Vehicle_16,8442479,5,0.06666666666666667,0.14285714285714285,0.05263157894736842,0.07142857142857142,0.5,0.03571428571428571,0.058823529411764705,0.5,0.05555555555555555,0.09090909090909091,0.034482758620689655,0.03333333333333333,0.030303030303030304,0.03125,0.1111111111111111,0.05555555555555555
Vehicle_16,8442479,6,0.08333333333333333,0.07142857142857142,0.0625,0.0625,0.5,0.038461538461538464,0.047619047619047616,0.5,0.05555555555555555,0.09090909090909091,0.045454545454545456,0.08333333333333333,0.03125,0.0625,0.037037037037037035,0.029411764705882353
Vehicle_16,8442479,7,0.06666666666666667,0.07692307692307693,0.037037037037037035,0.047619047619047616,0.5,0.043478260869565216,0.08333333333333333,0.5,0.041666666666666664,0.09090909090909091,0.025,0.038461538461538464,0.02857142857142857,0.043478260869565216,0.03571428571428571,0.030303030303030304
Vehicle_16,8442479,8,0.06666666666666667,0.07142857142857142,0.03225806451612903,0.04,0.5,0.037037037037037035,0.047619047619047616,0.5,0.043478260869565216,0.09090909090909091,0.027777777777777776,0.03571428571428571,0.03225806451612903,0.04,0.03571428571428571,0.02857142857142857
Vehicle_16,8442479,9,0.0625,0.09090909090909091,0.03333333333333333,0.05,0.5,0.05,0.07142857142857142,0.5,0.05263157894736842,0.09090909090909091,0.027777777777777776,0.038461538461538464,0.03571428571428571,0.03333333333333333,0.07692307692307693,0.05
Vehicle_16,8442479,10,0.0625,0.1,0.03225806451612903,0.043478260869565216,0.5,0.058823529411764705,0.06666666666666667,0.5,0.05,0.09090909090909091,0.03571428571428571,0.07692307692307693,0.04,0.1,0.041666666666666664,0.037037037037037035
Vehicle_16,8442479,11,0.058823529411764705,0.07692307692307693,0.0625,0.07692307692307693,0.5,0.043478260869565216,0.08333333333333333,0.5,0.05263157894736842,0.09090909090909091,0.025,0.03333333333333333,0.038461538461538464,0.03333333333333333,0.058823529411764705,0.038461538461538464
Vehicle_16,8442479,12,0.0625,0.058823529411764705,0.07142857142857142,0.07692307692307693,0.5,0.041666666666666664,0.047619047619047616,0.5,0.05263157894736842,0.09090909090909091,0.029411764705882353,0.038461538461538464,0.043478260869565216,0.045454545454545456,0.08333333333333333,0.05
Vehicle_16,8442479,13,0.0625,0.07142857142857142,0.05,0.06666666666666667,0.5,0.05,0.0625,0.5,0.045454545454545456,0.09090909090909091,0.030303030303030304,0.038461538461538464,0.024390243902439025,0.045454545454545456,0.047619047619047616,0.038461538461538464
Vehicle_16,8442479,14,0.0625,0.07142857142857142,0.034482758620689655,0.04,0.5,0.04,0.043478260869565216,0.5,0.045454545454545456,0.09090909090909091,0.03333333333333333,0.02702702702702703,0.024390243902439025,0.029411764705882353,0.058823529411764705,0.03333333333333333
Vehicle_16,8442479,15,0.0625,0.0625,0.041666666666666664,0.043478260869565216,0.5,0.05555555555555555,0.07142857142857142,0.5,0.037037037037037035,0.09090909090909091,0.03333333333333333,0.09090909090909091,0.047619047619047616,0.07142857142857142,0.047619047619047616,0.038461538461538464
Vehicle_16,8442479,16,0.0625,0.125,0.03225806451612903,0.04,0.5,0.07142857142857142,0.09090909090909091,0.5,0.03333333333333333,0.09090909090909091,0.023809523809523808,0.037037037037037035,0.03571428571428571,0.05555555555555555,0.047619047619047616,0.038461538461538464
Vehicle_16,8442479,17,0.0625,0.07692307692307693,0.03333333333333333,0.05,0.5,0.0625,0.08333333333333333,0.5,0.047619047619047616,0.09090909090909091,0.02631578947368421,0.027777777777777776,0.034482758620689655,0.02857142857142857,0.3333333333333333,0.1111111111111111
Vehicle_16,8442479,18,0.0625,0.058823529411764705,0.05555555555555555,0.06666666666666667,0.5,0.058823529411764705,0.06666666666666667,0.5,0.037037037037037035,0.09090909090909091,0.05263157894736842,0.0625,0.05,0.06666666666666667,0.05263157894736842,0.041666666666666664
Vehicle_16,8442479,19,0.0625,0.1,0.05555555555555555,0.08333333333333333,0.5,0.045454545454545456,0.05263157894736842,0.5,0.05263157894736842,0.09090909090909091,0.023809523809523808,0.08333333333333333,0.041666666666666664,0.07692307692307693,0.1,0.06666666666666667
Vehicle_16,8442479,20,0.0625,0.07692307692307693,0.03571428571428571,0.045454545454545456,0.5,0.038461538461538464,0.047619047619047616,0.5,0.05,0.09090909090909091,0.029411764705882353,0.038461538461538464,0.03125,0.045454545454545456,0.05263157894736842,0.03571428571428571
Vehicle_16,8442479,21,0.0625,0.07692307692307693,0.05,0.06666666666666667,0.5,0.041666666666666664,0.047619047619047616,0.5,0.05263157894736842,0.09090909090909091,0.03125,0.03571428571428571,0.02564102564102564,0.043478260869565216,0.08333333333333333,0.05
Vehicle_16,8442479,22,0.0625,0.058823529411764705,0.05555555555555555,0.06666666666666667,0.5,0.047619047619047616,0.05555555555555555,0.5,0.037037037037037035,0.09090909090909091,0.041666666666666664,0.1,0.03333333333333333,0.08333333333333333,0.05263157894736842,0.041666666666666664
Vehicle_16,8442479,23,0.0625,0.07692307692307693,0.0625,0.07142857142857142,0.5,0.043478260869565216,0.05,0.5,0.03333333333333333,0.09090909090909091,0.03225806451612903,0.037037037037037035,0.022727272727272728,0.05555555555555555,0.034482758620689655,0.025
Vehicle_16,8442479,24,0.0625,0.07692307692307693,0.07142857142857142,0.08333333333333333,0.5,0.038461538461538464,0.0625,0.5,0.03333333333333333,0.09090909090909091,0.029411764705882353,0.037037037037037035,0.03225806451612903,0.043478260869565216,0.06666666666666667,0.041666666666666664
Vehicle_16,8442479,25,0.0625,0.1,0.0625,0.0625,0.5,0.037037037037037035,0.045454545454545456,0.5,0.05263157894736842,0.09090909090909091,0.029411764705882353,0.034482758620689655,0.02702702702702703,0.037037037037037035,0.05263157894736842,0.041666666666666664
Vehicle_16,8442479,26,0.0625,0.07142857142857142,0.038461538461538464,0.07142857142857142,0.5,0.05555555555555555,0.07142857142857142,0.5,0.05,0.09090909090909091,0.034482758620689655,0.038461538461538464,0.03225806451612903,0.045454545454545456,0.047619047619047616,0.034482758620689655
Vehicle_16,8442479,27,0.0625,0.08333333333333333,0.037037037037037035,0.047619047619047616,0.5,0.07142857142857142,0.09090909090909091,0.5,0.05,0.09090909090909091,0.034482758620689655,0.03571428571428571,0.02702702702702703,0.043478260869565216,0.0625,0.047619047619047616
Vehicle_16,8442479,28,0.0625,0.07692307692307693,0.05,0.07142857142857142,0.5,0.07692307692307693,0.07142857142857142,0.5,0.05263157894736842,0.09090909090909091,0.043478260869565216,0.07142857142857142,0.03333333333333333,0.07142857142857142,0.25,0.1111111111111111
Vehicle_16,8442479,29,0.0625,0.1111111111111111,0.05555555555555555,0.08333333333333333,0.5,0.043478260869565216,0.05,0.5,0.05,0.09090909090909091,0.021739130434782608,0.027777777777777776,0.034482758620689655,0.03333333333333333,0.07142857142857142,0.038461538461538464
Vehicle_16,8442479,30,0.06666666666666667,0.1111111111111111,0.02702702702702703,0.034482758620689655,0.5,0.0625,0.06666666666666667,0.5,0.05,0.09090909090909091,0.029411764705882353,0.034482758620689655,0.030303030303030304,0.037037037037037035,0.045454545454545456,0.04
Vehicle_16,8442479,31,0.0625,0.16666666666666666,0.047619047619047616,0.058823529411764705,0.5,0.05,0.0625,0.5,0.05263157894736842,0.09090909090909091,0.03125,0.043478260869565216,0.030303030303030304,0.05,0.07142857142857142,0.043478260869565216
Vehicle_16,8442479,32,0.0625,0.125,0.05555555555555555,0.06666666666666667,0.5,0.05263157894736842,0.06666666666666667,0.5,0.037037037037037035,0.09090909090909091,0.02631578947368421,0.041666666666666664,0.034482758620689655,0.04,0.058823529411764705,0.037037037037037035
Vehicle_16,8442479,33,0.0625,0.125,0.04,0.05263157894736842,0.5,0.047619047619047616,0.08333333333333333,0.5,0.03333333333333333,0.09090909090909091,0.09090909090909091,0.14285714285714285,0.037037037037037035,0.14285714285714285,0.043478260869565216,0.03125
Vehicle_16,8442479,34,0.0625,0.06666666666666667,0.037037037037037035,0.05,0.5,0.04,0.04,0.5,0.047619047619047616,0.09090909090909091,0.029411764705882353,0.04,0.038461538461538464,0.047619047619047616,0.05555555555555555,0.037037037037037035
Vehicle_16,8442479,35,0.0625,0.06666666666666667,0.043478260869565216,0.047619047619047616,0.5,0.04,0.04,0.5,0.05263157894736842,0.09090909090909091,0.037037037037037035,0.03125,0.034482758620689655,0.03225806451612903,0.05,0.041666666666666664
Vehicle_16,8442479,36,0.0625,0.07692307692307693,0.03571428571428571,0.045454545454545456,0.5,0.05,0.0625,0.5,0.05263157894736842,0.09090909090909091,0.047619047619047616,0.09090909090909091,0.037037037037037035,0.09090909090909091,0.043478260869565216,0.03333333333333333
Vehicle_16,8442479,37,0.058823529411764705,0.07142857142857142,0.037037037037037035,0.058823529411764705,0.5,0.045454545454545456,0.06666666666666667,0.5,0.037037037037037035,0.09090909090909091,0.05,0.045454545454545456,0.03333333333333333,0.06666666666666667,0.1,0.06666666666666667
Vehicle_16,8442479,38,0.0625,0.09090909090909091,0.03225806451612903,0.043478260869565216,0.5,0.03225806451612903,0.03333333333333333,0.5,0.047619047619047616,0.09090909090909091,0.03333333333333333,0.043478260869565216,0.02857142857142857,0.043478260869565216,0.043478260869565216,0.03333333333333333
Vehicle_16,8442479,39,0.0625,0.058823529411764705,0.02702702702702703,0.034482758620689655,0.5,0.045454545454545456,0.05263157894736842,0.5,0.05555555555555555,0.09090909090909091,0.025,0.041666666666666664,0.03125,0.04,0.08333333333333333,0.05555555555555555
Vehicle_16,8442479,40,0.0625,0.0625,0.03571428571428571,0.045454545454545456,0.5,0.03571428571428571,0.058823529411764705,0.5,0.05263157894736842,0.09090909090909091,0.047619047619047616,0.09090909090909091,0.03571428571428571,0.09090909090909091,0.05263157894736842,0.041666666666666664
Vehicle_16,8442479,41,0.0625,0.1,0.037037037037037035,0.05,0.5,0.04,0.05,0.5,0.045454545454545456,0.09090909090909091,0.025,0.04,0.02702702702702703,0.06666666666666667,0.09090909090909091,0.05555555555555555
Vehicle_16,8442479,42,0.06666666666666667,0.1,0.03571428571428571,0.04,0.5,0.04,0.04,0.5,0.047619047619047616,0.09090909090909091,0.030303030303030304,0.03225806451612903,0.029411764705882353,0.034482758620689655,0.047619047619047616,0.04
Vehicle_16,8442479,43,0.0625,0.07692307692307693,0.037037037037037035,0.05,0.5,0.04,0.04,0.5,0.047619047619047616,0.09090909090909091,0.030303030303030304,0.038461538461538464,0.029411764705882353,0.041666666666666664,0.05555555555555555,0.037037037037037035
Vehicle_16,8442479,44,0.058823529411764705,0.0625,0.03571428571428571,0.04,0.5,0.04,0.04,0.5,0.047619047619047616,0.09090909090909091,0.022222222222222223,0.02702702702702703,0.034482758620689655,0.03125,0.047619047619047616,0.04
Vehicle_16,8442479,45,0.0625,0.07692307692307693,0.038461538461538464,0.0625,0.5,0.058823529411764705,0.08333333333333333,0.5,0.05555555555555555,0.09090909090909091,0.2,0.3333333333333333,0.041666666666666664,0.25,0.125,0.08333333333333333
Vehicle_16,8442479,46,0.0625,0.058823529411764705,0.041666666666666664,0.05555555555555555,0.5,0.058823529411764705,0.06666666666666667,0.5,0.05555555555555555,0.09090909090909091,0.07142857142857142,0.14285714285714285,0.041666666666666664,0.1111111111111111,0.058823529411764705,0.034482758620689655
Vehicle_16,8442479,47,0.0625,0.08333333333333333,0.03571428571428571,0.04,0.5,0.047619047619047616,0.08333333333333333,0.5,0.047619047619047616,0.09090909090909091,0.030303030303030304,0.03225806451612903,0.03571428571428571,0.034482758620689655,0.0625,0.03125
Vehicle_16,8442479,48,0.0625,0.08333333333333333,0.037037037037037035,0.05,0.5,0.05,0.0625,0.5,0.037037037037037035,0.09090909090909091,0.024390243902439025,0.027777777777777776,0.03571428571428571,0.02857142857142857,0.05,0.034482758620689655
Vehicle_16,8442479,49,0.0625,0.08333333333333333,0.038461538461538464,0.043478260869565216,0.5,0.07142857142857142,0.058823529411764705,0.5,0.045454545454545456,0.09090909090909091,0.058823529411764705,0.08333333333333333,0.037037037037037035,0.08333333333333333,0.05263157894736842,0.043478260869565216
Vehicle_16,8442479,50,0.0625,0.07692307692307693,0.02631578947368421,0.03125,0.5,0.03571428571428571,0.058823529411764705,0.5,0.04,0.09090909090909091,0.02857142857142857,0.037037037037037035,0.037037037037037035,0.058823529411764705,0.04,0.030303030303030304
Vehicle_16,8442479,51,0.05555555555555555,0.07692307692307693,0.041666666666666664,0.05263157894736842,0.5,0.0625,0.06666666666666667,0.5,0.058823529411764705,0.09090909090909091,0.021739130434782608,0.03125,0.03571428571428571,0.041666666666666664,0.05,0.043478260869565216
Vehicle_16,8442479,52,0.0625,0.09090909090909091,0.038461538461538464,0.043478260869565216,0.5,0.07142857142857142,0.058823529411764705,0.5,0.045454545454545456,0.09090909090909091,0.030303030303030304,0.03125,0.030303030303030304,0.047619047619047616,0.05263157894736842,0.043478260869565216
Vehicle_16,8442479,53,0.0625,0.05263157894736842,0.058823529411764705,0.07692307692307693,0.5,0.03571428571428571,0.058823529411764705,0.5,0.041666666666666664,0.09090909090909091,0.023255813953488372,0.038461538461538464,0.030303030303030304,0.03333333333333333,0.05263157894736842,0.041666666666666664
Vehicle_16,8442479,54,0.0625,0.058823529411764705,0.045454545454545456,0.05263157894736842,0.5,0.038461538461538464,0.047619047619047616,0.5,0.041666666666666664,0.09090909090909091,0.06666666666666667,0.0625,0.03125,0.1111111111111111,0.05,0.037037037037037035
Vehicle_16,8442479,55,0.05555555555555555,0.0625,0.05263157894736842,0.06666666666666667,0.5,0.043478260869565216,0.05,0.5,0.041666666666666664,0.09090909090909091,0.030303030303030304,0.05,0.034482758620689655,0.058823529411764705,0.058823529411764705,0.043478260869565216
Vehicle_16,8442479,56,0.05555555555555555,0.05263157894736842,0.041666666666666664,0.05263157894736842,0.5,0.0625,0.06666666666666667,0.5,0.041666666666666664,0.09090909090909091,0.025,0.03333333333333333,0.030303030303030304,0.041666666666666664,0.038461538461538464,0.03333333333333333
Vehicle_16,8442479,57,0.05555555555555555,0.058823529411764705,0.03125,0.043478260869565216,0.5,0.0625,0.09090909090909091,0.5,0.038461538461538464,0.09090909090909091,0.021739130434782608,0.02702702702702703,0.03333333333333333,0.03333333333333333,0.05,0.034482758620689655
Vehicle_16,8442479,58,0.05,0.0625,0.03333333333333333,0.038461538461538464,0.5,0.058823529411764705,0.06666666666666667,0.5,0.04,0.09090909090909091,0.06666666666666667,0.1111111111111111,0.037037037037037035,0.16666666666666666,0.045454545454545456,0.04
Vehicle_16,8442479,59,0.05263157894736842,0.0625,0.027777777777777776,0.034482758620689655,0.5,0.043478260869565216,0.08333333333333333,0.5,0.047619047619047616,0.09090909090909091,0.05,0.125,0.02857142857142857,0.07142857142857142,0.041666666666666664,0.034482758620689655
Vehicle_16,8442479,60,0.05263157894736842,0.09090909090909091,0.038461538461538464,0.047619047619047616,0.5,0.06666666666666667,0.07692307692307693,0.5,0.047619047619047616,0.09090909090909091,0.030303030303030304,0.03571428571428571,0.03125,0.0625,0.041666666666666664,0.034482758620689655
Vehicle_16,8442479,61,0.05263157894736842,0.06666666666666667,0.05555555555555555,0.07142857142857142,0.5,0.07142857142857142,0.07142857142857142,0.5,0.04,0.09090909090909091,0.02702702702702703,0.043478260869565216,0.03571428571428571,0.047619047619047616,0.04,0.029411764705882353
Vehicle_16,8442479,62,0.05263157894736842,0.06666666666666667,0.047619047619047616,0.07142857142857142,0.5,0.07142857142857142,0.058823529411764705,0.5,0.04,0.09090909090909091,0.027777777777777776,0.038461538461538464,0.030303030303030304,0.041666666666666664,0.05,0.043478260869565216
Vehicle_16,8442479,63,0.05263157894736842,0.05555555555555555,0.05263157894736842,0.06666666666666667,0.5,0.038461538461538464,0.047619047619047616,0.5,0.047619047619047616,0.09090909090909091,0.025,0.03125,0.03333333333333333,0.05555555555555555,0.05263157894736842,0.04
Vehicle_16,8442479,64,0.058823529411764705,0.07692307692307693,0.047619047619047616,0.07142857142857142,0.5,0.06666666666666667,0.07692307692307693,0.5,0.04,0.09090909090909091,0.07142857142857142,0.2,0.04,0.2,0.038461538461538464,0.03333333333333333
Vehicle_16,8442479,65,0.058823529411764705,0.0625,0.0625,0.08333333333333333,0.5,0.07142857142857142,0.07142857142857142,0.5,0.045454545454545456,0.09090909090909091,0.041666666666666664,0.045454545454545456,0.037037037037037035,0.047619047619047616,0.058823529411764705,0.047619047619047616
Vehicle_16,8442479,66,0.058823529411764705,0.07142857142857142,0.037037037037037035,0.058823529411764705,0.5,0.07142857142857142,0.058823529411764705,0.5,0.05555555555555555,0.09090909090909091,0.041666666666666664,0.047619047619047616,0.03571428571428571,0.05263157894736842,0.05,0.041666666666666664
Vehicle_16,8442479,67,0.058823529411764705,0.06666666666666667,0.041666666666666664,0.05,0.5,0.038461538461538464,0.047619047619047616,0.5,0.04,0.09090909090909091,0.034482758620689655,0.034482758620689655,0.03125,0.047619047619047616,0.041666666666666664,0.03571428571428571
Vehicle_16,8442479,68,0.058823529411764705,0.058823529411764705,0.05555555555555555,0.058823529411764705,0.5,0.043478260869565216,0.05,0.5,0.047619047619047616,0.09090909090909091,0.024390243902439025,0.03225806451612903,0.038461538461538464,0.047619047619047616,0.0625,0.043478260869565216
Vehicle_16,8442479,69,0.058823529411764705,0.058823529411764705,0.0625,0.08333333333333333,0.5,0.038461538461538464,0.047619047619047616,0.5,0.05263157894736842,0.09090909090909091,0.06666666666666667,0.08333333333333333,0.03125,0.25,0.041666666666666664,0.03571428571428571
Vehicle_16,8442479,70,0.058823529411764705,0.06666666666666667,0.041666666666666664,0.05,0.5,0.043478260869565216,0.05,0.5,0.043478260869565216,0.09090909090909091,0.0625,0.125,0.034482758620689655,0.16666666666666666,0.043478260869565216,0.03333333333333333
Vehicle_16,8442479,71,0.058823529411764705,0.08333333333333333,0.037037037037037035,0.05,0.5,0.038461538461538464,0.047619047619047616,0.5,0.034482758620689655,0.09090909090909091,0.02564102564102564,0.041666666666666664,0.03125,0.06666666666666667,0.047619047619047616,0.037037037037037035
Vehicle_16,8442479,72,0.058823529411764705,0.05263157894736842,0.06666666666666667,0.07692307692307693,0.5,0.06666666666666667,0.07692307692307693,0.5,0.041666666666666664,0.09090909090909091,0.024390243902439025,0.02857142857142857,0.030303030303030304,0.041666666666666664,0.043478260869565216,0.034482758620689655
Vehicle_16,8442479,73,0.058823529411764705,0.06666666666666667,0.05555555555555555,0.058823529411764705,0.5,0.058823529411764705,0.06666666666666667,0.5,0.047619047619047616,0.09090909090909091,0.09090909090909091,0.09090909090909091,0.037037037037037035,0.125,0.043478260869565216,0.034482758620689655
Vehicle_16,8442479,74,0.058823529411764705,0.05263157894736842,0.05263157894736842,0.06666666666666667,0.5,0.043478260869565216,0.08333333333333333,0.5,0.047619047619047616,0.09090909090909091,0.05555555555555555,0.08333333333333333,0.02857142857142857,0.1,0.058823529411764705,0.05
Vehicle_16,8442479,75,0.058823529411764705,0.05263157894736842,0.047619047619047616,0.07142857142857142,0.5,0.043478260869565216,0.05,0.5,0.04,0.09090909090909091,0.02564102564102564,0.038461538461538464,0.03571428571428571,0.041666666666666664,0.058823529411764705,0.047619047619047616
Vehicle_16,8442479,76,0.058823529411764705,0.05263157894736842,0.0625,0.08333333333333333,0.5,0.038461538461538464,0.047619047619047616,0.5,0.05263157894736842,0.09090909090909091,0.030303030303030304,0.038461538461538464,0.03125,0.05,0.041666666666666664,0.03571428571428571
Vehicle_16,8442479,77,0.058823529411764705,0.058823529411764705,0.06666666666666667,0.07692307692307693,0.5,0.06666666666666667,0.07692307692307693,0.5,0.041666666666666664,0.09090909090909091,0.024390243902439025,0.04,0.030303030303030304,0.047619047619047616,0.043478260869565216,0.034482758620689655
Vehicle_16,8442479,78,0.058823529411764705,0.058823529411764705,0.041666666666666664,0.05,0.5,0.058823529411764705,0.06666666666666667,0.5,0.045454545454545456,0.09090909090909091,0.07142857142857142,0.14285714285714285,0.037037037037037035,0.25,0.058823529411764705,0.05
Vehicle_16,8442479,79,0.058823529411764705,0.07692307692307693,0.05263157894736842,0.05555555555555555,0.5,0.037037037037037035,0.047619047619047616,0.5,0.04,0.09090909090909091,0.047619047619047616,0.08333333333333333,0.02702702702702703,0.09090909090909091,0.05263157894736842,0.041666666666666664
Vehicle_16,8442479,80,0.05263157894736842,0.05263157894736842,0.037037037037037035,0.05,0.5,0.041666666666666664,0.043478260869565216,0.5,0.03225806451612903,0.09090909090909091,0.02564102564102564,0.043478260869565216,0.027777777777777776,0.05555555555555555,0.05,0.041666666666666664
Vehicle_16,8442479,81,0.058823529411764705,0.07142857142857142,0.041666666666666664,0.05,0.5,0.06666666666666667,0.07692307692307693,0.5,0.045454545454545456,0.09090909090909091,0.025,0.04,0.030303030303030304,0.06666666666666667,0.05263157894736842,0.03225806451612903
Vehicle_16,8442479,82,0.058823529411764705,0.07142857142857142,0.037037037037037035,0.047619047619047616,0.5,0.07142857142857142,0.07142857142857142,0.5,0.047619047619047616,0.09090909090909091,0.0625,0.09090909090909091,0.04,0.1,0.05555555555555555,0.043478260869565216
Vehicle_16,8442479,83,0.05263157894736842,0.05263157894736842,0.027777777777777776,0.034482758620689655,0.5,0.07142857142857142,0.058823529411764705,0.5,0.047619047619047616,0.09090909090909091,0.05,0.125,0.03333333333333333,0.07142857142857142,0.045454545454545456,0.034482758620689655
Vehicle_16,8442479,84,0.05263157894736842,0.05263157894736842,0.027777777777777776,0.034482758620689655,0.5,0.038461538461538464,0.047619047619047616,0.5,0.047619047619047616,0.09090909090909091,0.034482758620689655,0.043478260869565216,0.03125,0.05263157894736842,0.05,0.041666666666666664
Vehicle_16,8442479,85,0.05263157894736842,0.0625,0.047619047619047616,0.05263157894736842,0.5,0.037037037037037035,0.047619047619047616,0.5,0.05263157894736842,0.09090909090909091,0.030303030303030304,0.03571428571428571,0.03225806451612903,0.0625,0.043478260869565216,0.03571428571428571
Vehicle_16,8442479,86,0.05263157894736842,0.07142857142857142,0.043478260869565216,0.07142857142857142,0.5,0.05,0.07142857142857142,0.5,0.05263157894736842,0.09090909090909091,0.025,0.027777777777777776,0.03571428571428571,0.05263157894736842,0.05263157894736842,0.043478260869565216
Vehicle_16,8442479,87,0.05263157894736842,0.06666666666666667,0.04,0.05,0.5,0.05555555555555555,0.06666666666666667,0.5,0.05555555555555555,0.09090909090909091,0.058823529411764705,0.08333333333333333,0.034482758620689655,0.25,0.0625,0.038461538461538464
Vehicle_16,8442479,88,0.05263157894736842,0.0625,0.041666666666666664,0.05263157894736842,0.5,0.03225806451612903,0.03333333333333333,0.5,0.043478260869565216,0.09090909090909091,0.030303030303030304,0.2,0.02564102564102564,0.3333333333333333,0.047619047619047616,0.037037037037037035
Vehicle_16,8442479,89,0.05555555555555555,0.08333333333333333,0.05263157894736842,0.05555555555555555,0.5,0.05555555555555555,0.07142857142857142,0.5,0.041666666666666664,0.09090909090909091,0.025,0.041666666666666664,0.027777777777777776,0.043478260869565216,0.09090909090909091,0.043478260869565216
Vehicle_16,8442479,90,0.05555555555555555,0.07692307692307693,0.05263157894736842,0.06666666666666667,0.5,0.0625,0.09090909090909091,0.5,0.041666666666666664,0.09090909090909091,0.022222222222222223,0.030303030303030304,0.03333333333333333,0.043478260869565216,0.05263157894736842,0.041666666666666664
Vehicle_16,8442479,91,0.05555555555555555,0.0625,0.041666666666666664,0.05263157894736842,0.5,0.05555555555555555,0.06666666666666667,0.5,0.04,0.09090909090909091,0.05555555555555555,0.07692307692307693,0.04,0.06666666666666667,0.041666666666666664,0.037037037037037035
Vehicle_16,8442479,92,0.05555555555555555,0.058823529411764705,0.034482758620689655,0.04,0.5,0.05,0.058823529411764705,0.5,0.041666666666666664,0.09090909090909091,0.038461538461538464,0.047619047619047616,0.03225806451612903,0.058823529411764705,0.07692307692307693,0.047619047619047616
Vehicle_16,8442479,93,0.05555555555555555,0.09090909090909091,0.041666666666666664,0.05263157894736842,0.5,0.07142857142857142,0.07142857142857142,0.5,0.04,0.09090909090909091,0.02857142857142857,0.03333333333333333,0.024390243902439025,0.04,0.04,0.03225806451612903
Vehicle_16,8442479,94,0.05555555555555555,0.058823529411764705,0.043478260869565216,0.047619047619047616,0.5,0.05,0.0625,0.5,0.045454545454545456,0.09090909090909091,0.024390243902439025,0.02564102564102564,0.024390243902439025,0.03333333333333333,0.058823529411764705,0.043478260869565216
Vehicle_16,8442479,95,0.05555555555555555,0.125,0.03571428571428571,0.045454545454545456,0.5,0.038461538461538464,0.0625,0.5,0.043478260869565216,0.09090909090909091,0.041666666666666664,0.05263157894736842,0.038461538461538464,0.09090909090909091,0.16666666666666666,0.07692307692307693
Vehicle_16,8442479,96,0.05555555555555555,0.3333333333333333,0.047619047619047616,0.05,0.5,0.05555555555555555,0.09090909090909091,0.5,0.07692307692307693,0.09090909090909091,0.1,0.09090909090909091,0.041666666666666664,0.1111111111111111,0.125,0.08333333333333333
Vehicle_16,8442479,97,0.05555555555555555,0.125,0.05263157894736842,0.05263157894736842,0.5,0.07142857142857142,0.07142857142857142,0.5,0.043478260869565216,0.09090909090909091,0.04,0.07692307692307693,0.03225806451612903,0.09090909090909091,0.16666666666666666,0.125
Vehicle_16,8442479,98,0.0625,0.1,0.047619047619047616,0.05,0.5,0.047619047619047616,0.07142857142857142,0.5,0.05,0.09090909090909091,0.058823529411764705,0.04,0.034482758620689655,0.045454545454545456,0.0625,0.05
Vehicle_16,8442479,99,0.0625,0.2,0.05555555555555555,0.047619047619047616,0.5,0.045454545454545456,0.05263157894736842,0.5,0.043478260869565216,0.09090909090909091,0.043478260869565216,0.029411764705882353,0.025,0.037037037037037035,0.047619047619047616,0.04
Vehicle_16,8442479,100,0.0625,0.0625,0.05555555555555555,0.05,0.5,0.05263157894736842,0.07142857142857142,0.5,0.038461538461538464,0.09090909090909091,0.041666666666666664,0.034482758620689655,0.02702702702702703,0.037037037037037035,0.05555555555555555,0.029411764705882353
Vehicle_16,8442479,101,0.0625,0.1111111111111111,0.0625,0.07692307692307693,0.5,0.05555555555555555,0.06666666666666667,0.5,0.047619047619047616,0.09090909090909091,0.045454545454545456,0.037037037037037035,0.034482758620689655,0.038461538461538464,0.25,0.125
Vehicle_16,8442479,102,0.0625,0.1111111111111111,0.0625,0.0625,0.5,0.0625,0.08333333333333333,0.5,0.05,0.09090909090909091,0.041666666666666664,0.0625,0.043478260869565216,0.0625,0.07692307692307693,0.05555555555555555
Vehicle_16,8442479,103,0.06666666666666667,0.3333333333333333,0.041666666666666664,0.05263157894736842,0.5,0.058823529411764705,0.06666666666666667,0.5,0.05,0.09090909090909091,0.037037037037037035,0.038461538461538464,0.02631578947368421,0.03333333333333333,0.25,0.1
Vehicle_16,8442479,104,0.0625,0.1111111111111111,0.038461538461538464,0.05,0.5,0.05,0.07142857142857142,0.5,0.047619047619047616,0.09090909090909091,0.02564102564102564,0.03125,0.037037037037037035,0.034482758620689655,0.06666666666666667,0.043478260869565216
Vehicle_16,8442479,105,0.0625,0.125,0.034482758620689655,0.04,0.5,0.058823529411764705,0.06666666666666667,0.5,0.05,0.09090909090909091,0.045454545454545456,0.06666666666666667,0.037037037037037035,0.1,0.041666666666666664,0.03333333333333333
Vehicle_16,8442479,106,0.0625,0.07142857142857142,0.038461538461538464,0.05,0.5,0.037037037037037035,0.047619047619047616,0.5,0.043478260869565216,0.09090909090909091,0.025,0.02702702702702703,0.02702702702702703,0.03333333333333333,0.047619047619047616,0.037037037037037035
Vehicle_16,8442479,107,0.058823529411764705,0.06666666666666667,0.05,0.06666666666666667,0.5,0.043478260869565216,0.05,0.5,0.047619047619047616,0.09090909090909091,0.03225806451612903,0.043478260869565216,0.03225806451612903,0.043478260869565216,0.047619047619047616,0.043478260869565216
Vehicle_16,8442479,108,0.0625,0.1,0.05555555555555555,0.06666666666666667,0.5,0.04,0.043478260869565216,0.5,0.045454545454545456,0.09090909090909091,0.03125,0.02702702702702703,0.024390243902439025,0.029411764705882353,0.04,0.03125
Vehicle_16,8442479,109,0.0625,0.125,0.0625,0.07142857142857142,0.5,0.038461538461538464,0.047619047619047616,0.5,0.047619047619047616,0.09090909090909091,0.045454545454545456,0.09090909090909091,0.043478260869565216,0.07142857142857142,0.0196078431372549,0.016666666666666666
Vehicle_16,8442479,110,0.0625,0.07142857142857142,0.058823529411764705,0.07142857142857142,0.5,0.05555555555555555,0.06666666666666667,0.5,0.047619047619047616,0.09090909090909091,0.025,0.027777777777777776,0.038461538461538464,0.05263157894736842,0.04,0.03225806451612903
Vehicle_16,8442479,111,0.0625,0.1,0.07142857142857142,0.07692307692307693,0.5,0.058823529411764705,0.06666666666666667,0.5,0.037037037037037035,0.09090909090909091,0.02564102564102564,0.029411764705882353,0.03333333333333333,0.037037037037037035,0.05263157894736842,0.041666666666666664
Vehicle_16,8442479,112,0.0625,0.1111111111111111,0.05,0.06666666666666667,0.5,0.05,0.07142857142857142,0.5,0.05263157894736842,0.09090909090909091,0.058823529411764705,0.07142857142857142,0.037037037037037035,0.07142857142857142,0.0625,0.047619047619047616
Vehicle_16,8442479,113,0.06666666666666667,0.06666666666666667,0.05555555555555555,0.06666666666666667,0.5,0.0625,0.07142857142857142,0.5,0.05263157894736842,0.09090909090909091,0.023255813953488372,0.02564102564102564,0.02564102564102564,0.041666666666666664,0.08333333333333333,0.05
Vehicle_16,8442479,114,0.0625,0.07142857142857142,0.05555555555555555,0.07692307692307693,0.5,0.058823529411764705,0.06666666666666667,0.5,0.0625,0.09090909090909091,0.02857142857142857,0.02631578947368421,0.024390243902439025,0.02702702702702703,0.04,0.03125
Vehicle_16,8442479,115,0.0625,0.16666666666666666,0.043478260869565216,0.05263157894736842,0.5,0.043478260869565216,0.05,0.5,0.047619047619047616,0.09090909090909091,0.047619047619047616,0.034482758620689655,0.027777777777777776,0.037037037037037035,0.2,0.125
Vehicle_16,8442479,116,0.06666666666666667,0.3333333333333333,0.047619047619047616,0.05,0.5,0.047619047619047616,0.05555555555555555,0.5,0.05,0.09090909090909091,0.03225806451612903,0.043478260869565216,0.041666666666666664,0.06666666666666667,0.06666666666666667,0.058823529411764705
Vehicle_16,8442479,117,0.1,0.2,0.05263157894736842,0.047619047619047616,0.5,0.047619047619047616,0.07142857142857142,0.5,0.1111111111111111,0.09090909090909091,0.03571428571428571,0.1,0.058823529411764705,0.2,0.3333333333333333,0.09090909090909091
Vehicle_16,8442479,118,0.1,0.09090909090909091,0.05263157894736842,0.06666666666666667,0.5,0.07142857142857142,0.07692307692307693,0.5,0.08333333333333333,0.09090909090909091,0.034482758620689655,0.05,0.04,0.047619047619047616,0.0625,0.043478260869565216
Vehicle_16,8442479,119,0.1111111111111111,0.2,0.05555555555555555,0.045454545454545456,0.5,0.047619047619047616,0.08333333333333333,0.5,0.0625,0.09090909090909091,0.0625,0.07692307692307693,0.037037037037037035,0.045454545454545456,0.2,0.0625
Vehicle_16,8442479,120,0.1111111111111111,0.3333333333333333,0.05555555555555555,0.045454545454545456,0.5,0.04,0.04,0.5,0.07142857142857142,0.09090909090909091,0.045454545454545456,0.05,0.038461538461538464,0.043478260869565216,0.125,0.047619047619047616
Vehicle_16,8442479,121,0.1111111111111111,0.25,0.045454545454545456,0.06666666666666667,0.5,0.0625,0.05,0.5,0.1111111111111111,0.09090909090909091,0.041666666666666664,0.045454545454545456,0.041666666666666664,0.0625,0.25,0.1111111111111111
Vehicle_16,8442479,122,0.1111111111111111,0.5,0.0625,0.07142857142857142,0.5,0.07142857142857142,0.07142857142857142,0.5,0.07692307692307693,0.09090909090909091,0.03571428571428571,0.043478260869565216,0.041666666666666664,0.038461538461538464,0.041666666666666664,0.024390243902439025
Vehicle_16,8442479,123,0.09090909090909091,0.5,0.06666666666666667,0.06666666666666667,0.5,0.06666666666666667,0.07692307692307693,0.5,0.0625,0.09090909090909091,0.02857142857142857,0.043478260869565216,0.06666666666666667,0.041666666666666664,0.3333333333333333,0.06666666666666667
Vehicle_16,8442479,124,0.08333333333333333,0.0625,0.04,0.06666666666666667,0.5,0.1,0.09090909090909091,0.5,0.05,0.09090909090909091,0.03571428571428571,0.043478260869565216,0.03225806451612903,0.06666666666666667,0.05,0.045454545454545456
Vehicle_16,8442479,125,0.08333333333333333,0.05,0.03225806451612903,0.043478260869565216,0.5,0.045454545454545456,0.05263157894736842,0.5,0.047619047619047616,0.09090909090909091,0.0625,0.05,0.04,0.05,0.058823529411764705,0.03333333333333333
Vehicle_16,8442479,126,0.06666666666666667,0.125,0.03571428571428571,0.043478260869565216,0.5,0.07142857142857142,0.0625,0.5,0.05555555555555555,0.09090909090909091,0.045454545454545456,0.08333333333333333,0.03333333333333333,0.0625,0.037037037037037035,0.03571428571428571
Vehicle_16,8442479,127,0.058823529411764705,0.125,0.04,0.06666666666666667,0.5,0.05263157894736842,0.07142857142857142,0.5,0.041666666666666664,0.09090909090909091,0.023809523809523808,0.038461538461538464,0.04,0.043478260869565216,0.14285714285714285,0.08333333333333333
Vehicle_16,8442479,128,0.058823529411764705,0.25,0.045454545454545456,0.058823529411764705,0.5,0.045454545454545456,0.05555555555555555,0.5,0.045454545454545456,0.09090909090909091,0.02702702702702703,0.03571428571428571,0.029411764705882353,0.04,0.25,0.14285714285714285
Vehicle_16,8442479,129,0.06666666666666667,0.3333333333333333,0.038461538461538464,0.06666666666666667,0.5,0.03225806451612903,0.041666666666666664,0.5,0.045454545454545456,0.09090909090909091,0.038461538461538464,0.034482758620689655,0.027777777777777776,0.029411764705882353,0.047619047619047616,0.034482758620689655
Vehicle_16,8442479,130,0.06666666666666667,0.07142857142857142,0.037037037037037035,0.047619047619047616,0.5,0.03225806451612903,0.041666666666666664,0.5,0.043478260869565216,0.09090909090909091,0.047619047619047616,0.08333333333333333,0.07142857142857142,0.058823529411764705,0.047619047619047616,0.038461538461538464
Vehicle_16,8442479,131,0.06666666666666667,0.0625,0.03571428571428571,0.043478260869565216,0.5,0.03225806451612903,0.041666666666666664,0.5,0.05,0.09090909090909091,0.02857142857142857,0.024390243902439025,0.03571428571428571,0.02702702702702703,0.04,0.03225806451612903
Vehicle_16,8442479,132,0.058823529411764705,0.0625,0.038461538461538464,0.045454545454545456,0.5,0.05,0.05555555555555555,0.5,0.047619047619047616,0.09090909090909091,0.04,0.041666666666666664,0.029411764705882353,0.037037037037037035,0.06666666666666667,0.043478260869565216
Vehicle_16,8442479,133,0.06666666666666667,0.08333333333333333,0.045454545454545456,0.058823529411764705,0.5,0.05,0.08333333333333333,0.5,0.047619047619047616,0.09090909090909091,0.05263157894736842,0.030303030303030304,0.037037037037037035,0.037037037037037035,0.5,0.5
Vehicle_16,8442479,134,0.058823529411764705,0.06666666666666667,0.05263157894736842,0.1,0.5,0.041666666666666664,0.047619047619047616,0.5,0.043478260869565216,0.09090909090909091,0.038461538461538464,0.041666666666666664,0.024390243902439025,0.037037037037037035,0.5,0.5
Vehicle_16,8442479,135,0.0625,0.06666666666666667,0.05555555555555555,0.06666666666666667,0.5,0.041666666666666664,0.05263157894736842,0.5,0.037037037037037035,0.09090909090909091,0.037037037037037035,0.02631578947368421,0.03571428571428571,0.029411764705882353,0.125,0.07692307692307693
Vehicle_16,8442479,136,0.0625,0.09090909090909091,0.05263157894736842,0.05555555555555555,0.5,0.05263157894736842,0.06666666666666667,0.5,0.047619047619047616,0.09090909090909091,0.045454545454545456,0.05555555555555555,0.041666666666666664,0.07142857142857142,0.1,0.05263157894736842
Vehicle_16,8442479,137,0.0625,0.09090909090909091,0.0625,0.07692307692307693,0.5,0.04,0.058823529411764705,0.5,0.043478260869565216,0.09090909090909091,0.029411764705882353,0.037037037037037035,0.02564102564102564,0.047619047619047616,0.07692307692307693,0.047619047619047616
Vehicle_16,8442479,138,0.0625,0.058823529411764705,0.047619047619047616,0.0625,0.5,0.037037037037037035,0.05263157894736842,0.5,0.045454545454545456,0.09090909090909091,0.02631578947368421,0.03125,0.03225806451612903,0.047619047619047616,0.047619047619047616,0.038461538461538464
Vehicle_16,8442479,139,0.0625,0.05555555555555555,0.05263157894736842,0.05555555555555555,0.5,0.045454545454545456,0.047619047619047616,0.5,0.058823529411764705,0.09090909090909091,0.02857142857142857,0.045454545454545456,0.027777777777777776,0.05263157894736842,0.07142857142857142,0.041666666666666664
Vehicle_16,8442479,140,0.0625,0.06666666666666667,0.0625,0.07692307692307693,0.5,0.038461538461538464,0.047619047619047616,0.5,0.04,0.09090909090909091,0.030303030303030304,0.04,0.03125,0.034482758620689655,0.05555555555555555,0.041666666666666664
Vehicle_16,8442479,141,0.0625,0.0625,0.047619047619047616,0.0625,0.5,0.043478260869565216,0.05263157894736842,0.5,0.047619047619047616,0.09090909090909091,0.022727272727272728,0.029411764705882353,0.037037037037037035,0.03333333333333333,0.05,0.04
Vehicle_16,8442479,142,0.0625,0.05263157894736842,0.058823529411764705,0.07142857142857142,0.5,0.03571428571428571,0.0625,0.5,0.041666666666666664,0.09090909090909091,0.045454545454545456,0.058823529411764705,0.03125,0.058823529411764705,0.045454545454545456,0.03333333333333333
Vehicle_16,8442479,143,0.05555555555555555,0.06666666666666667,0.05263157894736842,0.07142857142857142,0.5,0.0625,0.07692307692307693,0.5,0.041666666666666664,0.09090909090909091,0.029411764705882353,0.041666666666666664,0.03571428571428571,0.041666666666666664,0.038461538461538464,0.03333333333333333
Vehicle_16,8442479,144,0.05555555555555555,0.09090909090909091,0.041666666666666664,0.0625,0.5,0.045454545454545456,0.05555555555555555,0.5,0.04,0.09090909090909091,0.03333333333333333,0.08333333333333333,0.037037037037037035,0.0625,0.05555555555555555,0.038461538461538464
Vehicle_16,8442479,145,0.05,0.07692307692307693,0.03225806451612903,0.041666666666666664,0.5,0.05,0.05555555555555555,0.5,0.045454545454545456,0.09090909090909091,0.025,0.1,0.02702702702702703,0.1,0.07692307692307693,0.047619047619047616
Vehicle_16,8442479,146,0.05263157894736842,0.0625,0.05555555555555555,0.06666666666666667,0.5,0.058823529411764705,0.0625,0.5,0.041666666666666664,0.09090909090909091,0.05263157894736842,0.14285714285714285,0.03571428571428571,0.25,0.05555555555555555,0.043478260869565216
Vehicle_16,8442479,147,0.05555555555555555,0.07692307692307693,0.058823529411764705,0.07692307692307693,0.5,0.043478260869565216,0.07692307692307693,0.5,0.038461538461538464,0.09090909090909091,0.02631578947368421,0.05263157894736842,0.02702702702702703,0.045454545454545456,0.05555555555555555,0.043478260869565216
Vehicle_16,8442479,148,0.05,0.06666666666666667,0.047619047619047616,0.058823529411764705,0.5,0.06666666666666667,0.08333333333333333,0.5,0.04,0.09090909090909091,0.037037037037037035,0.05555555555555555,0.037037037037037035,0.05,0.05263157894736842,0.043478260869565216
Vehicle_16,8442479,149,0.05263157894736842,0.07142857142857142,0.03571428571428571,0.047619047619047616,0.5,0.05555555555555555,0.07692307692307693,0.5,0.041666666666666664,0.09090909090909091,0.03125,0.05263157894736842,0.02857142857142857,0.037037037037037035,0.058823529411764705,0.041666666666666664
Vehicle_16,8442479,150,0.05263157894736842,0.07692307692307693,0.03333333333333333,0.05,0.5,0.041666666666666664,0.05263157894736842,0.5,0.04,0.09090909090909091,0.02,0.029411764705882353,0.03571428571428571,0.038461538461538464,0.043478260869565216,0.03571428571428571
Vehicle_16,8442479,151,0.05263157894736842,0.08333333333333333,0.038461538461538464,0.047619047619047616,0.5,0.043478260869565216,0.07692307692307693,0.5,0.047619047619047616,0.09090909090909091,0.037037037037037035,0.14285714285714285,0.03571428571428571,0.125,0.043478260869565216,0.03333333333333333
Vehicle_16,8442479,152,0.05263157894736842,0.05263157894736842,0.037037037037037035,0.045454545454545456,0.5,0.043478260869565216,0.05263157894736842,0.5,0.047619047619047616,0.09090909090909091,0.038461538461538464,0.047619047619047616,0.027777777777777776,0.05555555555555555,0.05555555555555555,0.037037037037037035
Vehicle_16,8442479,153,0.05263157894736842,0.08333333333333333,0.03125,0.05,0.5,0.038461538461538464,0.047619047619047616,0.5,0.043478260869565216,0.09090909090909091,0.03571428571428571,0.06666666666666667,0.03225806451612903,0.07692307692307693,0.05,0.047619047619047616
Vehicle_16,8442479,154,0.05263157894736842,0.07692307692307693,0.041666666666666664,0.05,0.5,0.037037037037037035,0.05263157894736842,0.5,0.045454545454545456,0.09090909090909091,0.03571428571428571,0.05,0.02857142857142857,0.041666666666666664,0.05,0.037037037037037035
Vehicle_16,8442479,155,0.058823529411764705,0.07692307692307693,0.037037037037037035,0.045454545454545456,0.5,0.05,0.05555555555555555,0.5,0.047619047619047616,0.09090909090909091,0.025,0.034482758620689655,0.03571428571428571,0.05,0.045454545454545456,0.03571428571428571
Vehicle_16,8442479,156,0.05263157894736842,0.08333333333333333,0.027777777777777776,0.038461538461538464,0.5,0.05555555555555555,0.07692307692307693,0.5,0.05555555555555555,0.09090909090909091,0.043478260869565216,0.07142857142857142,0.034482758620689655,0.16666666666666666,0.07142857142857142,0.041666666666666664
Vehicle_16,8442479,157,0.05263157894736842,0.07692307692307693,0.047619047619047616,0.058823529411764705,0.5,0.03225806451612903,0.041666666666666664,0.5,0.043478260869565216,0.09090909090909091,0.04,0.0625,0.02564102564102564,0.09090909090909091,0.05263157894736842,0.034482758620689655
Vehicle_16,8442479,158,0.05263157894736842,0.07142857142857142,0.043478260869565216,0.05555555555555555,0.5,0.03225806451612903,0.041666666666666664,0.5,0.043478260869565216,0.09090909090909091,0.03333333333333333,0.043478260869565216,0.02857142857142857,0.047619047619047616,0.05,0.037037037037037035
Vehicle_16,8442479,159,0.05263157894736842,0.0625,0.038461538461538464,0.047619047619047616,0.5,0.03225806451612903,0.041666666666666664,0.5,0.041666666666666664,0.09090909090909091,0.022727272727272728,0.03571428571428571,0.027777777777777776,0.04,0.043478260869565216,0.038461538461538464
Vehicle_16,8442479,160,0.05263157894736842,0.058823529411764705,0.05263157894736842,0.07692307692307693,0.5,0.03225806451612903,0.041666666666666664,0.5,0.04,0.09090909090909091,0.0625,0.09090909090909091,0.03225806451612903,0.25,0.058823529411764705,0.04
Vehicle_16,8442479,161,0.058823529411764705,0.07142857142857142,0.037037037037037035,0.045454545454545456,0.5,0.05,0.07692307692307693,0.5,0.04,0.09090909090909091,0.06666666666666667,0.08333333333333333,0.022727272727272728,0.09090909090909091,0.041666666666666664,0.037037037037037035
Vehicle_16,8442479,162,0.058823529411764705,0.05555555555555555,0.047619047619047616,0.058823529411764705,0.5,0.058823529411764705,0.07142857142857142,0.5,0.04,0.09090909090909091,0.030303030303030304,0.041666666666666664,0.024390243902439025,0.05,0.05263157894736842,0.038461538461538464
Vehicle_16,8442479,163,0.058823529411764705,0.058823529411764705,0.043478260869565216,0.05555555555555555,0.5,0.03225806451612903,0.041666666666666664,0.5,0.043478260869565216,0.09090909090909091,0.02631578947368421,0.041666666666666664,0.02857142857142857,0.043478260869565216,0.05,0.037037037037037035
Vehicle_16,8442479,164,0.05263157894736842,0.07142857142857142,0.038461538461538464,0.047619047619047616,0.5,0.03225806451612903,0.041666666666666664,0.5,0.041666666666666664,0.09090909090909091,0.02127659574468085,0.02564102564102564,0.027777777777777776,0.041666666666666664,0.043478260869565216,0.038461538461538464
Vehicle_16,8442479,165,0.058823529411764705,0.0625,0.037037037037037035,0.047619047619047616,0.5,0.03225806451612903,0.041666666666666664,0.5,0.03225806451612903,0.09090909090909091,0.09090909090909091,0.14285714285714285,0.03225806451612903,0.2,0.045454545454545456,0.03571428571428571
Vehicle_16,8442479,166,0.058823529411764705,0.058823529411764705,0.041666666666666664,0.05555555555555555,0.5,0.03225806451612903,0.041666666666666664,0.5,0.043478260869565216,0.09090909090909091,0.06666666666666667,0.07692307692307693,0.02564102564102564,0.25,0.07142857142857142,0.041666666666666664
Vehicle_16,8442479,167,0.058823529411764705,0.07142857142857142,0.038461538461538464,0.047619047619047616,0.5,0.03225806451612903,0.041666666666666664,0.5,0.041666666666666664,0.09090909090909091,0.030303030303030304,0.034482758620689655,0.02857142857142857,0.043478260869565216,0.043478260869565216,0.038461538461538464
Vehicle_16,8442479,168,0.05263157894736842,0.058823529411764705,0.037037037037037035,0.045454545454545456,0.5,0.05,0.05555555555555555,0.5,0.047619047619047616,0.09090909090909091,0.02631578947368421,0.034482758620689655,0.029411764705882353,0.045454545454545456,0.045454545454545456,0.03571428571428571
Vehicle_16,8442479,169,0.05263157894736842,0.06666666666666667,0.03571428571428571,0.047619047619047616,0.5,0.058823529411764705,0.0625,0.5,0.041666666666666664,0.09090909090909091,0.03333333333333333,0.04,0.03333333333333333,0.045454545454545456,0.05,0.043478260869565216
Vehicle_16,8442479,170,0.05263157894736842,0.07692307692307693,0.037037037037037035,0.05263157894736842,0.5,0.037037037037037035,0.05263157894736842,0.5,0.03125,0.09090909090909091,0.024390243902439025,0.027777777777777776,0.03571428571428571,0.034482758620689655,0.041666666666666664,0.03225806451612903
Vehicle_16,8442479,171,0.05263157894736842,0.05555555555555555,0.037037037037037035,0.047619047619047616,0.5,0.03225806451612903,0.041666666666666664,0.5,0.03225806451612903,0.09090909090909091,0.09090909090909091,0.14285714285714285,0.03225806451612903,0.2,0.045454545454545456,0.03571428571428571
Vehicle_16,8442479,172,0.058823529411764705,0.05555555555555555,0.041666666666666664,0.05,0.5,0.03225806451612903,0.041666666666666664,0.5,0.045454545454545456,0.09090909090909091,0.0625,0.125,0.02564102564102564,0.2,0.05555555555555555,0.043478260869565216
Vehicle_16,8442479,173,0.058823529411764705,0.07142857142857142,0.05,0.0625,0.5,0.043478260869565216,0.047619047619047616,0.5,0.047619047619047616,0.09090909090909091,0.025,0.045454545454545456,0.03225806451612903,0.047619047619047616,0.0625,0.038461538461538464
Vehicle_16,8442479,174,0.05263157894736842,0.06666666666666667,0.05263157894736842,0.06666666666666667,0.5,0.047619047619047616,0.05263157894736842,0.5,0.038461538461538464,0.09090909090909091,0.025,0.03571428571428571,0.024390243902439025,0.043478260869565216,0.05,0.03225806451612903
Vehicle_16,8442479,175,0.05555555555555555,0.08333333333333333,0.05263157894736842,0.06666666666666667,0.5,0.05,0.07692307692307693,0.5,0.041666666666666664,0.09090909090909091,0.025,0.041666666666666664,0.03225806451612903,0.043478260869565216,0.07692307692307693,0.047619047619047616
Vehicle_16,8442479,176,0.05555555555555555,0.1111111111111111,0.04,0.047619047619047616,0.5,0.07142857142857142,0.07692307692307693,0.5,0.07142857142857142,0.09090909090909091,0.03225806451612903,0.03125,0.024390243902439025,0.041666666666666664,0.0625,0.043478260869565216
Vehicle_16,8442479,177,0.05555555555555555,0.16666666666666666,0.037037037037037035,0.045454545454545456,0.5,0.0625,0.06666666666666667,0.5,0.043478260869565216,0.09090909090909091,0.1111111111111111,0.2,0.04,0.3333333333333333,0.047619047619047616,0.04
Vehicle_16,8442479,178,0.05555555555555555,0.07142857142857142,0.03571428571428571,0.05555555555555555,0.5,0.058823529411764705,0.07142857142857142,0.5,0.045454545454545456,0.09090909090909091,0.041666666666666664,0.2,0.041666666666666664,0.3333333333333333,0.06666666666666667,0.045454545454545456
Vehicle_16,8442479,179,0.05555555555555555,0.06666666666666667,0.037037037037037035,0.045454545454545456,0.5,0.03225806451612903,0.041666666666666664,0.5,0.058823529411764705,0.09090909090909091,0.024390243902439025,0.030303030303030304,0.027777777777777776,0.02857142857142857,0.0625,0.041666666666666664
Vehicle_16,8442479,180,0.0625,0.06666666666666667,0.047619047619047616,0.0625,0.5,0.043478260869565216,0.047619047619047616,0.5,0.043478260869565216,0.09090909090909091,0.045454545454545456,0.1,0.05,0.1111111111111111,0.05263157894736842,0.034482758620689655
Vehicle_16,8442479,181,0.05555555555555555,0.08333333333333333,0.06666666666666667,0.09090909090909091,0.5,0.047619047619047616,0.05263157894736842,0.5,0.03125,0.09090909090909091,0.022222222222222223,0.041666666666666664,0.03225806451612903,0.1111111111111111,0.058823529411764705,0.041666666666666664
Vehicle_16,8442479,182,0.05555555555555555,0.08333333333333333,0.05263157894736842,0.0625,0.5,0.03225806451612903,0.041666666666666664,0.5,0.037037037037037035,0.09090909090909091,0.030303030303030304,0.03333333333333333,0.02857142857142857,0.03571428571428571,0.04,0.029411764705882353
Vehicle_16,8442479,183,0.05555555555555555,0.07692307692307693,0.05555555555555555,0.07692307692307693,0.5,0.043478260869565216,0.047619047619047616,0.5,0.03225806451612903,0.09090909090909091,0.024390243902439025,0.030303030303030304,0.027777777777777776,0.03125,0.047619047619047616,0.037037037037037035
Vehicle_16,8442479,184,0.05555555555555555,0.05555555555555555,0.05263157894736842,0.05555555555555555,0.5,0.04,0.05263157894736842,0.5,0.037037037037037035,0.09090909090909091,0.04,0.05263157894736842,0.02857142857142857,0.0625,0.05555555555555555,0.038461538461538464
Vehicle_16,8442479,185,0.05555555555555555,0.07142857142857142,0.0625,0.07692307692307693,0.5,0.038461538461538464,0.05263157894736842,0.5,0.04,0.09090909090909091,0.034482758620689655,0.09090909090909091,0.03225806451612903,0.1111111111111111,0.0625,0.045454545454545456
Vehicle_16,8442479,186,0.05555555555555555,0.07692307692307693,0.047619047619047616,0.0625,0.5,0.05555555555555555,0.07692307692307693,0.5,0.03125,0.09090909090909091,0.05,0.1,0.05263157894736842,0.08333333333333333,0.047619047619047616,0.038461538461538464
Vehicle_16,8442479,187,0.05555555555555555,0.05555555555555555,0.06666666666666667,0.09090909090909091,0.5,0.07142857142857142,0.09090909090909091,0.5,0.037037037037037035,0.09090909090909091,0.05555555555555555,0.0625,0.047619047619047616,0.1,0.06666666666666667,0.045454545454545456
Vehicle_16,8442479,188,0.05,0.07142857142857142,0.041666666666666664,0.05,0.5,0.04,0.05263157894736842,0.5,0.041666666666666664,0.09090909090909091,0.041666666666666664,0.05,0.02564102564102564,0.058823529411764705,0.047619047619047616,0.03333333333333333
Vehicle_16,8442479,189,0.05555555555555555,0.07692307692307693,0.038461538461538464,0.047619047619047616,0.5,0.038461538461538464,0.05263157894736842,0.5,0.041666666666666664,0.09090909090909091,0.034482758620689655,0.04,0.02857142857142857,0.038461538461538464,0.05263157894736842,0.038461538461538464
Vehicle_16,8442479,190,0.05555555555555555,0.07692307692307693,0.041666666666666664,0.05,0.5,0.04,0.05263157894736842,0.5,0.041666666666666664,0.09090909090909091,0.02631578947368421,0.04,0.030303030303030304,0.038461538461538464,0.047619047619047616,0.03333333333333333
Vehicle_16,8442479,191,0.05,0.07692307692307693,0.047619047619047616,0.0625,0.5,0.07142857142857142,0.07692307692307693,0.5,0.041666666666666664,0.09090909090909091,0.022727272727272728,0.030303030303030304,0.02702702702702703,0.043478260869565216,0.05263157894736842,0.04
Vehicle_16,8442479,192,0.05555555555555555,0.058823529411764705,0.05263157894736842,0.06666666666666667,0.5,0.0625,0.06666666666666667,0.5,0.038461538461538464,0.09090909090909091,0.05555555555555555,0.08333333333333333,0.043478260869565216,0.1,0.058823529411764705,0.045454545454545456
Vehicle_16,8442479,193,0.05555555555555555,0.07142857142857142,0.05555555555555555,0.06666666666666667,0.5,0.07142857142857142,0.07692307692307693,0.5,0.045454545454545456,0.09090909090909091,0.027777777777777776,0.05555555555555555,0.02564102564102564,0.047619047619047616,0.047619047619047616,0.037037037037037035
Vehicle_16,8442479,194,0.05555555555555555,0.08333333333333333,0.037037037037037035,0.045454545454545456,0.5,0.0625,0.09090909090909091,0.5,0.04,0.09090909090909091,0.030303030303030304,0.038461538461538464,0.029411764705882353,0.045454545454545456,0.14285714285714285,0.05555555555555555
Vehicle_16,8442479,195,0.05555555555555555,0.06666666666666667,0.03571428571428571,0.05555555555555555,0.5,0.05,0.07692307692307693,0.5,0.058823529411764705,0.09090909090909091,0.022222222222222223,0.03333333333333333,0.027777777777777776,0.041666666666666664,0.07142857142857142,0.045454545454545456
Vehicle_16,8442479,196,0.05555555555555555,0.05555555555555555,0.04,0.058823529411764705,0.5,0.058823529411764705,0.07142857142857142,0.5,0.047619047619047616,0.09090909090909091,0.05263157894736842,0.058823529411764705,0.03333333333333333,0.058823529411764705,0.058823529411764705,0.041666666666666664
Vehicle_16,8442479,197,0.0625,0.07692307692307693,0.037037037037037035,0.045454545454545456,0.5,0.03225806451612903,0.041666666666666664,0.5,0.058823529411764705,0.09090909090909091,0.025,0.041666666666666664,0.02564102564102564,0.041666666666666664,0.0625,0.041666666666666664
Vehicle_16,8442479,198,0.0625,0.07692307692307693,0.03571428571428571,0.05555555555555555,0.5,0.043478260869565216,0.047619047619047616,0.5,0.058823529411764705,0.09090909090909091,0.030303030303030304,0.045454545454545456,0.03225806451612903,0.05263157894736842,0.07142857142857142,0.045454545454545456
Vehicle_16,8442479,199,0.05555555555555555,0.07142857142857142,0.05555555555555555,0.07692307692307693,0.5,0.05,0.07142857142857142,0.5,0.04,0.09090909090909091,0.030303030303030304,0.04,0.024390243902439025,0.034482758620689655,0.043478260869565216,0.037037037037037035
Vehicle_16,8442479,200,0.0625,0.058823529411764705,0.05555555555555555,0.06666666666666667,0.5,0.05555555555555555,0.07692307692307693,0.5,0.04,0.09090909090909091,0.024390243902439025,0.029411764705882353,0.029411764705882353,0.03333333333333333,0.043478260869565216,0.037037037037037035
Vehicle_16,8442479,201,0.0625,0.058823529411764705,0.03225806451612903,0.045454545454545456,0.5,0.07142857142857142,0.09090909090909091,0.5,0.047619047619047616,0.09090909090909091,0.034482758620689655,0.058823529411764705,0.047619047619047616,0.058823529411764705,0.05,0.045454545454545456
Vehicle_16,8442479,202,0.0625,0.07692307692307693,0.02702702702702703,0.03571428571428571,0.5,0.05,0.07142857142857142,0.5,0.05,0.09090909090909091,0.030303030303030304,0.045454545454545456,0.023809523809523808,0.047619047619047616,0.05555555555555555,0.045454545454545456
Vehicle_16,8442479,203,0.0625,0.14285714285714285,0.03571428571428571,0.047619047619047616,0.5,0.04,0.05263157894736842,0.5,0.05,0.09090909090909091,0.029411764705882353,0.03571428571428571,0.03333333333333333,0.037037037037037035,0.045454545454545456,0.037037037037037035
Vehicle_16,8442479,204,0.0625,0.1,0.034482758620689655,0.043478260869565216,0.5,0.05555555555555555,0.1,0.5,0.047619047619047616,0.09090909090909091,0.030303030303030304,0.027777777777777776,0.027777777777777776,0.03333333333333333,0.03333333333333333,0.03125
Vehicle_16,8442479,205,0.0625,0.06666666666666667,0.038461538461538464,0.045454545454545456,0.5,0.07142857142857142,0.07692307692307693,0.5,0.045454545454545456,0.09090909090909091,0.05555555555555555,0.09090909090909091,0.047619047619047616,0.07692307692307693,0.03333333333333333,0.02857142857142857
Vehicle_16,8442479,206,0.0625,0.08333333333333333,0.03225806451612903,0.045454545454545456,0.5,0.0625,0.06666666666666667,0.5,0.05,0.09090909090909091,0.023809523809523808,0.045454545454545456,0.029411764705882353,0.047619047619047616,0.037037037037037035,0.02702702702702703
Vehicle_16,8442479,207,0.0625,0.1,0.0625,0.07692307692307693,0.5,0.07142857142857142,0.09090909090909091,0.5,0.047619047619047616,0.09090909090909091,0.02702702702702703,0.03125,0.024390243902439025,0.034482758620689655,0.05263157894736842,0.03571428571428571
Vehicle_16,8442479,208,0.0625,0.06666666666666667,0.05555555555555555,0.06666666666666667,0.5,0.05,0.07142857142857142,0.5,0.045454545454545456,0.09090909090909091,0.02564102564102564,0.02702702702702703,0.029411764705882353,0.029411764705882353,0.045454545454545456,0.04
Vehicle_16,8442479,209,0.0625,0.09090909090909091,0.02702702702702703,0.03571428571428571,0.5,0.04,0.05263157894736842,0.5,0.043478260869565216,0.09090909090909091,0.05555555555555555,0.08333333333333333,0.043478260869565216,0.08333333333333333,0.05263157894736842,0.03571428571428571
Vehicle_16,8442479,210,0.0625,0.0625,0.03571428571428571,0.047619047619047616,0.5,0.038461538461538464,0.05263157894736842,0.5,0.041666666666666664,0.09090909090909091,0.027777777777777776,0.058823529411764705,0.029411764705882353,0.07692307692307693,0.06666666666666667,0.041666666666666664
Vehicle_16,8442479,211,0.05555555555555555,0.07692307692307693,0.03225806451612903,0.045454545454545456,0.5,0.05555555555555555,0.07692307692307693,0.5,0.045454545454545456,0.09090909090909091,0.02857142857142857,0.041666666666666664,0.024390243902439025,0.043478260869565216,0.0625,0.041666666666666664
Vehicle_16,8442479,212,0.0625,0.07692307692307693,0.03571428571428571,0.047619047619047616,0.5,0.07142857142857142,0.09090909090909091,0.5,0.043478260869565216,0.09090909090909091,0.030303030303030304,0.02631578947368421,0.029411764705882353,0.02702702702702703,0.05555555555555555,0.045454545454545456
Vehicle_16,8442479,213,0.0625,0.08333333333333333,0.03225806451612903,0.045454545454545456,0.5,0.047619047619047616,0.05263157894736842,0.5,0.041666666666666664,0.09090909090909091,0.05555555555555555,0.07142857142857142,0.03333333333333333,0.06666666666666667,0.05263157894736842,0.04
Vehicle_16,8442479,214,0.05555555555555555,0.05555555555555555,0.02702702702702703,0.03571428571428571,0.5,0.043478260869565216,0.047619047619047616,0.5,0.045454545454545456,0.09090909090909091,0.030303030303030304,0.04,0.022727272727272728,0.06666666666666667,0.04,0.03225806451612903
Vehicle_16,8442479,215,0.0625,0.07142857142857142,0.047619047619047616,0.07692307692307693,0.5,0.05555555555555555,0.07692307692307693,0.5,0.043478260869565216,0.09090909090909091,0.03125,0.041666666666666664,0.024390243902439025,0.04,0.05555555555555555,0.045454545454545456
Vehicle_16,8442479,216,0.0625,0.0625,0.05555555555555555,0.06666666666666667,0.5,0.07142857142857142,0.09090909090909091,0.5,0.041666666666666664,0.09090909090909091,0.030303030303030304,0.02564102564102564,0.029411764705882353,0.030303030303030304,0.06666666666666667,0.047619047619047616
Vehicle_16,8442479,217,0.0625,0.058823529411764705,0.05555555555555555,0.06666666666666667,0.5,0.047619047619047616,0.05263157894736842,0.5,0.045454545454545456,0.09090909090909091,0.06666666666666667,0.06666666666666667,0.03333333333333333,0.08333333333333333,0.07692307692307693,0.045454545454545456
Vehicle_16,8442479,218,0.0625,0.07692307692307693,0.02702702702702703,0.03571428571428571,0.5,0.03225806451612903,0.041666666666666664,0.5,0.045454545454545456,0.09090909090909091,0.030303030303030304,0.04,0.02564102564102564,0.058823529411764705,0.041666666666666664,0.034482758620689655
Vehicle_16,8442479,219,0.0625,0.08333333333333333,0.047619047619047616,0.07692307692307693,0.5,0.043478260869565216,0.047619047619047616,0.5,0.04,0.09090909090909091,0.03125,0.041666666666666664,0.03225806451612903,0.05,0.045454545454545456,0.04
Vehicle_16,8442479,220,0.0625,0.06666666666666667,0.05555555555555555,0.06666666666666667,0.5,0.047619047619047616,0.05263157894736842,0.5,0.047619047619047616,0.09090909090909091,0.030303030303030304,0.03571428571428571,0.024390243902439025,0.037037037037037035,0.058823529411764705,0.041666666666666664
Vehicle_16,8442479,221,0.0625,0.07692307692307693,0.03225806451612903,0.045454545454545456,0.5,0.03225806451612903,0.041666666666666664,0.5,0.047619047619047616,0.09090909090909091,0.023809523809523808,0.027777777777777776,0.027777777777777776,0.03333333333333333,0.05,0.03571428571428571
Vehicle_16,8442479,222,0.0625,0.1,0.03571428571428571,0.047619047619047616,0.5,0.05,0.07692307692307693,0.5,0.045454545454545456,0.09090909090909091,0.038461538461538464,0.0625,0.05,0.06666666666666667,0.09090909090909091,0.05
Vehicle_16,8442479,223,0.0625,0.08333333333333333,0.05555555555555555,0.06666666666666667,0.5,0.07142857142857142,0.09090909090909091,0.5,0.045454545454545456,0.09090909090909091,0.02857142857142857,0.04,0.023809523809523808,0.058823529411764705,0.043478260869565216,0.038461538461538464
Vehicle_16,8442479,224,0.0625,0.125,0.07142857142857142,0.07692307692307693,0.5,0.05,0.07142857142857142,0.5,0.045454545454545456,0.09090909090909091,0.03225806451612903,0.038461538461538464,0.024390243902439025,0.045454545454545456,0.06666666666666667,0.041666666666666664
Vehicle_16,8442479,225,0.0625,0.07692307692307693,0.034482758620689655,0.043478260869565216,0.5,0.047619047619047616,0.05263157894736842,0.5,0.05,0.09090909090909091,0.030303030303030304,0.047619047619047616,0.029411764705882353,0.045454545454545456,0.047619047619047616,0.038461538461538464
Vehicle_16,8442479,226,0.06666666666666667,0.1,0.038461538461538464,0.045454545454545456,0.5,0.03225806451612903,0.041666666666666664,0.5,0.043478260869565216,0.09090909090909091,0.05555555555555555,0.08333333333333333,0.03225806451612903,0.06666666666666667,0.05263157894736842,0.041666666666666664
Vehicle_16,8442479,227,0.0625,0.07142857142857142,0.034482758620689655,0.043478260869565216,0.5,0.041666666666666664,0.05263157894736842,0.5,0.05,0.09090909090909091,0.03225806451612903,0.058823529411764705,0.02857142857142857,0.07692307692307693,0.037037037037037035,0.030303030303030304
Vehicle_16,8442479,228,0.0625,0.08333333333333333,,,,,,,,,,,,,,
